都道府県名,市町村名,対象場所,ページURL,河川の水位と雨量の状況画像_URL
岐阜県,岐阜市,日野揚排水機場 周辺,https://www.river.go.jp/kawabouStt/ipCamera.do?gamenId=01-0710&cameraId=21010015,https://www.river.go.jp/e/cctv/latest/21010015/G0601.jpeg,https://www.river.go.jp/e/cctv/usual/21010015/G0601.jpeg
岐阜県,岐阜市,長良橋,https://www.river.go.jp/kawabouStt/ipCamera.do?gamenId=01-0710&cameraId=21010016,https://www.river.go.jp/e/cctv/latest/21010016/G0703.jpeg,https://www.river.go.jp/e/cctv/usual/21010016/G0703.jpeg
岐阜県,岐阜市,長良陸閘,https://www.river.go.jp/kawabouStt/ipCamera.do?gamenId=01-0710&cameraId=21010017,https://www.river.go.jp/e/cctv/latest/21010017/G0101.jpeg,https://www.river.go.jp/e/cctv/usual/21010017/G0101.jpeg
岐阜県,岐阜市,大宮陸閘,https://www.river.go.jp/kawabouStt/ipCamera.do?gamenId=01-0710&cameraId=21010018,https://www.river.go.jp/e/cctv/latest/21010018/G0704.jpeg,https://www.river.go.jp/e/cctv/usual/21010018/G0704.jpeg
岐阜県,岐阜市,長良橋下流,https://www.river.go.jp/kawabouStt/ipCamera.do?gamenId=01-0710&cameraId=21010019,https://www.river.go.jp/e/cctv/latest/21010019/G0102.jpeg,https://www.river.go.jp/e/cctv/usual/21010019/G0102.jpeg
岐阜県,岐阜市,忠節橋,https://www.river.go.jp/kawabouStt/ipCamera.do?gamenId=01-0710&cameraId=21010020,https://www.river.go.jp/e/cctv/latest/21010020/G0103.jpeg,https://www.river.go.jp/e/cctv/usual/21010020/G0103.jpeg
岐阜県,岐阜市,大縄場大橋,https://www.river.go.jp/kawabouStt/ipCamera.do?gamenId=01-0710&cameraId=21010021,https://www.river.go.jp/e/cctv/latest/21010021/G0104.jpeg,https://www.river.go.jp/e/cctv/usual/21010021/G0104.jpeg
岐阜県,岐阜市,両満川（排）周辺,https://www.river.go.jp/kawabouStt/ipCamera.do?gamenId=01-0710&cameraId=21010022,https://www.river.go.jp/e/cctv/latest/21010022/G0108.jpeg,https://www.river.go.jp/e/cctv/usual/21010022/G0108.jpeg
岐阜県,岐阜市,河渡橋,https://www.river.go.jp/kawabouStt/ipCamera.do?gamenId=01-0710&cameraId=21010023,https://www.river.go.jp/e/cctv/latest/21010023/G0110.jpeg,https://www.river.go.jp/e/cctv/usual/21010023/G0110.jpeg
岐阜県,岐阜市,糸貫川天王川（排）周辺,https://www.river.go.jp/kawabouStt/ipCamera.do?gamenId=01-0710&cameraId=21010024,https://www.river.go.jp/e/cctv/latest/21010024/G0125.jpeg,https://www.river.go.jp/e/cctv/usual/21010024/G0125.jpeg
岐阜県,岐阜市,荒田川論田川第2（排）周辺,https://www.river.go.jp/kawabouStt/ipCamera.do?gamenId=01-0710&cameraId=21010025,https://www.river.go.jp/e/cctv/latest/21010025/G0132.jpeg,https://www.river.go.jp/e/cctv/usual/21010025/G0132.jpeg
岐阜県,岐阜市,新荒田川論田川（排）周辺,https://www.river.go.jp/kawabouStt/ipCamera.do?gamenId=01-0710&cameraId=21010026,https://www.river.go.jp/e/cctv/latest/21010026/G0135.jpeg,https://www.river.go.jp/e/cctv/usual/21010026/G0135.jpeg
岐阜県,岐阜市,長良大橋,https://www.river.go.jp/kawabouStt/ipCamera.do?gamenId=01-0710&cameraId=21010049,https://www.river.go.jp/e/cctv/latest/21010049/G0239.jpeg,https://www.river.go.jp/e/cctv/usual/21010049/G0239.jpeg
岐阜県,岐阜市,正木川排 周辺,https://www.river.go.jp/kawabouStt/ipCamera.do?gamenId=01-0710&cameraId=21010027,https://www.river.go.jp/e/cctv/latest/21010027/G0114.jpeg,https://www.river.go.jp/e/cctv/usual/21010027/G0114.jpeg
岐阜県,岐阜市,新堀川（排） 周辺,https://www.river.go.jp/kawabouStt/ipCamera.do?gamenId=01-0710&cameraId=21010028,https://www.river.go.jp/e/cctv/latest/21010028/G0111.jpeg,https://www.river.go.jp/e/cctv/usual/21010028/G0111.jpeg
岐阜県,岐阜市,古川橋,https://www.river.go.jp/kawabouStt/ipCamera.do?gamenId=01-0710&cameraId=21010029,https://www.river.go.jp/e/cctv/latest/21010029/G0717.jpeg,https://www.river.go.jp/e/cctv/usual/21010029/G0717.jpeg
岐阜県,岐阜市,早田川（排） 周辺,https://www.river.go.jp/kawabouStt/ipCamera.do?gamenId=01-0710&cameraId=21010030,https://www.river.go.jp/e/cctv/latest/21010030/G0118.jpeg,https://www.river.go.jp/e/cctv/usual/21010030/G0118.jpeg
岐阜県,岐阜市,尻毛橋,https://www.river.go.jp/kawabouStt/ipCamera.do?gamenId=01-0710&cameraId=21010031,https://www.river.go.jp/e/cctv/latest/21010031/G0120.jpeg,https://www.river.go.jp/e/cctv/usual/21010031/G0120.jpeg
岐阜県,岐阜市,根尾川（排）周辺,https://www.river.go.jp/kawabouStt/ipCamera.do?gamenId=01-0710&cameraId=21010032,https://www.river.go.jp/e/cctv/latest/21010032/G0121.jpeg,https://www.river.go.jp/e/cctv/usual/21010032/G0121.jpeg
岐阜県,大垣市,揖斐大橋,https://www.river.go.jp/kawabouStt/ipCamera.do?gamenId=01-0710&cameraId=21010003,https://www.river.go.jp/e/cctv/latest/21010003/G0356.jpeg,https://www.river.go.jp/e/cctv/usual/21010003/G0356.jpeg
岐阜県,大垣市,揖斐川防災ステーション,https://www.river.go.jp/kawabouStt/ipCamera.do?gamenId=01-0710&cameraId=21010004,https://www.river.go.jp/e/cctv/latest/21010004/G0712.jpeg,https://www.river.go.jp/e/cctv/usual/21010004/G0712.jpeg
岐阜県,大垣市,新水門川（排）,https://www.river.go.jp/kawabouStt/ipCamera.do?gamenId=01-0710&cameraId=21010005,https://www.river.go.jp/e/cctv/latest/21010005/G0358.jpeg,https://www.river.go.jp/e/cctv/usual/21010005/G0358.jpeg
岐阜県,大垣市,墨俣,https://www.river.go.jp/kawabouStt/ipCamera.do?gamenId=01-0710&cameraId=21010051,https://www.river.go.jp/e/cctv/latest/21010051/G0705.jpeg,https://www.river.go.jp/e/cctv/usual/21010051/G0705.jpeg
岐阜県,大垣市,広瀬橋,https://www.river.go.jp/kawabouStt/ipCamera.do?gamenId=01-0710&cameraId=21010006,https://www.river.go.jp/e/cctv/latest/21010006/G0715.jpeg,https://www.river.go.jp/e/cctv/usual/21010006/G0715.jpeg
岐阜県,大垣市,塩田橋,https://www.river.go.jp/kawabouStt/ipCamera.do?gamenId=01-0710&cameraId=21010007,https://www.river.go.jp/e/cctv/latest/21010007/G0354.jpeg,https://www.river.go.jp/e/cctv/usual/21010007/G0354.jpeg
岐阜県,大垣市,多芸島,https://www.river.go.jp/kawabouStt/ipCamera.do?gamenId=01-0710&cameraId=21010008,https://www.river.go.jp/e/cctv/latest/21010008/G0355.jpeg,https://www.river.go.jp/e/cctv/usual/21010008/G0355.jpeg
岐阜県,大垣市,高渕橋,https://www.river.go.jp/kawabouStt/ipCamera.do?gamenId=01-0710&cameraId=21010009,https://www.river.go.jp/e/cctv/latest/21010009/G0461.jpeg,https://www.river.go.jp/e/cctv/usual/21010009/G0461.jpeg
岐阜県,多治見市,多治見観測所,https://www.river.go.jp/kawabouStt/ipCamera.do?gamenId=01-0710&cameraId=21010033,https://www.river.go.jp/e/cctv/latest/21010033/cctv0132640.jpg,https://www.river.go.jp/e/cctv/usual/21010033/cctv0132320.jpg
岐阜県,多治見市,土岐川出張所,https://www.river.go.jp/kawabouStt/ipCamera.do?gamenId=01-0710&cameraId=21010034,https://www.river.go.jp/e/cctv/latest/21010034/cctv0131640.jpg,https://www.river.go.jp/e/cctv/usual/21010034/cctv0131320.jpg
岐阜県,多治見市,脇之島排水機場,https://www.river.go.jp/kawabouStt/ipCamera.do?gamenId=01-0710&cameraId=21010035,https://www.river.go.jp/e/cctv/latest/21010035/cctv0130640.jpg,https://www.river.go.jp/e/cctv/usual/21010035/cctv0130320.jpg
岐阜県,瑞浪市,土岐川合流点,https://www.river.go.jp/kawabouStt/ipCamera.do?gamenId=01-0710&cameraId=21794001,https://www.river.go.jp/e/cctv/latest/21794001/cctv0201640.jpg?1562554690,https://www.river.go.jp/e/cctv/usual/21794001/cctv0201320.jpg
岐阜県,瑞浪市,井口,https://www.river.go.jp/kawabouStt/ipCamera.do?gamenId=01-0710&cameraId=21794002,https://www.river.go.jp/e/cctv/latest/21794002/cctv0202640.jpg?1562554690,https://www.river.go.jp/e/cctv/usual/21794002/cctv0202320.jpg
岐阜県,瑞浪市,馬道ヶ峰,https://www.river.go.jp/kawabouStt/ipCamera.do?gamenId=01-0710&cameraId=21794003,https://www.river.go.jp/e/cctv/latest/21794003/cctv0204640.jpg?1562554087,https://www.river.go.jp/e/cctv/usual/21794003/cctv0204320.jpg
岐阜県,瑞浪市,下流右岸,https://www.river.go.jp/kawabouStt/ipCamera.do?gamenId=01-0710&cameraId=21794004,https://www.river.go.jp/e/cctv/latest/21794004/cctv0205640.jpg?1562554087,https://www.river.go.jp/e/cctv/usual/21794004/cctv0205320.jpg
岐阜県,羽島市,城屋敷,https://www.river.go.jp/kawabouStt/ipCamera.do?gamenId=01-0710&cameraId=21010039,https://www.river.go.jp/e/cctv/latest/21010039/G0506.jpeg,https://www.river.go.jp/e/cctv/usual/21010039/G0506.jpeg
岐阜県,羽島市,木曽川防災ST,https://www.river.go.jp/kawabouStt/ipCamera.do?gamenId=01-0710&cameraId=21010040,https://www.river.go.jp/e/cctv/latest/21010040/G0716.jpeg,https://www.river.go.jp/e/cctv/usual/21010040/G0716.jpeg
岐阜県,羽島市,境川第2（排）周辺,https://www.river.go.jp/kawabouStt/ipCamera.do?gamenId=01-0710&cameraId=21010041,https://www.river.go.jp/e/cctv/latest/21010041/G0245.jpeg,https://www.river.go.jp/e/cctv/usual/21010041/G0245.jpeg
岐阜県,羽島市,境川（排）周辺,https://www.river.go.jp/kawabouStt/ipCamera.do?gamenId=01-0710&cameraId=21010042,https://www.river.go.jp/e/cctv/latest/21010042/G0243.jpeg,https://www.river.go.jp/e/cctv/usual/21010042/G0243.jpeg
岐阜県,羽島市,新桑原（排）周辺,https://www.river.go.jp/kawabouStt/ipCamera.do?gamenId=01-0710&cameraId=21010043,https://www.river.go.jp/e/cctv/latest/21010043/G0249.jpeg,https://www.river.go.jp/e/cctv/usual/21010043/G0249.jpeg
岐阜県,恵那市,奥矢作橋下,https://www.river.go.jp/kawabouStt/ipCamera.do?gamenId=01-0710&cameraId=21010061,https://www.river.go.jp/e/cctv/latest/21010061/camera33203_640_50.jpg,
岐阜県,恵那市,矢作ダム上流,https://www.river.go.jp/kawabouStt/ipCamera.do?gamenId=01-0710&cameraId=21010062,https://www.river.go.jp/e/cctv/latest/21010062/camera33201_640_50.jpg,
岐阜県,恵那市,矢作ダム下流,https://www.river.go.jp/kawabouStt/ipCamera.do?gamenId=01-0710&cameraId=23010111,https://www.river.go.jp/e/cctv/latest/23010111/camera33202_640_50.jpg,
岐阜県,美濃加茂市,今渡,https://www.river.go.jp/kawabouStt/ipCamera.do?gamenId=01-0710&cameraId=21010046,https://www.river.go.jp/e/cctv/latest/21010046/G0502.jpeg,https://www.river.go.jp/e/cctv/usual/21010046/G0502.jpeg
岐阜県,土岐市,浅野緑地,https://www.river.go.jp/kawabouStt/ipCamera.do?gamenId=01-0710&cameraId=21010036,https://www.river.go.jp/e/cctv/latest/21010036/cctv0135640.jpg,https://www.river.go.jp/e/cctv/usual/21010036/cctv0135320.jpg
岐阜県,土岐市,土岐観測所,https://www.river.go.jp/kawabouStt/ipCamera.do?gamenId=01-0710&cameraId=21010037,https://www.river.go.jp/e/cctv/latest/21010037/cctv0134640.jpg,https://www.river.go.jp/e/cctv/usual/21010037/cctv0134320.jpg
岐阜県,土岐市,土岐防災拠点,https://www.river.go.jp/kawabouStt/ipCamera.do?gamenId=01-0710&cameraId=21010038,https://www.river.go.jp/e/cctv/latest/21010038/cctv0133640.jpg,https://www.river.go.jp/e/cctv/usual/21010038/cctv0133320.jpg
岐阜県,各務原市,渡橋,https://www.river.go.jp/kawabouStt/ipCamera.do?gamenId=01-0710&cameraId=21010012,https://www.river.go.jp/e/cctv/latest/21010012/G0710.jpeg,https://www.river.go.jp/e/cctv/usual/21010012/G0710.jpeg
岐阜県,瑞穂市,揖斐川根尾川合流部,https://www.river.go.jp/kawabouStt/ipCamera.do?gamenId=01-0710&cameraId=21010002,https://www.river.go.jp/e/cctv/latest/21010002/G0706.jpeg,https://www.river.go.jp/e/cctv/usual/21010002/G0706.jpeg
岐阜県,瑞穂市,平野井川（排） 周辺,https://www.river.go.jp/kawabouStt/ipCamera.do?gamenId=01-0710&cameraId=21010045,https://www.river.go.jp/e/cctv/latest/21010045/G0352.jpeg,https://www.river.go.jp/e/cctv/usual/21010045/G0352.jpeg
岐阜県,瑞穂市,犀川第3（排）周辺,https://www.river.go.jp/kawabouStt/ipCamera.do?gamenId=01-0710&cameraId=21010050,https://www.river.go.jp/e/cctv/latest/21010050/G0129.jpeg,https://www.river.go.jp/e/cctv/usual/21010050/G0129.jpeg
岐阜県,瑞穂市,宝江川（排） 周辺,https://www.river.go.jp/kawabouStt/ipCamera.do?gamenId=01-0710&cameraId=21010044,https://www.river.go.jp/e/cctv/latest/21010044/G0240.jpeg,https://www.river.go.jp/e/cctv/usual/21010044/G0240.jpeg
岐阜県,本巣市,旧山口,https://www.river.go.jp/kawabouStt/ipCamera.do?gamenId=01-0710&cameraId=21010047,https://www.river.go.jp/e/cctv/latest/21010047/G0707.jpeg,https://www.river.go.jp/e/cctv/usual/21010047/G0707.jpeg
岐阜県,海津市,東海大橋（右岸）,https://www.river.go.jp/kawabouStt/ipCamera.do?gamenId=01-0710&cameraId=21010010,https://www.river.go.jp/e/cctv/latest/21010010/C00172.jpg,https://www.river.go.jp/e/cctv/usual/21010010/39.jpg
岐阜県,海津市,長良川大橋,https://www.river.go.jp/kawabouStt/ipCamera.do?gamenId=01-0710&cameraId=21010011,https://www.river.go.jp/e/cctv/latest/21010011/C00135.jpg,https://www.river.go.jp/e/cctv/usual/21010011/52.jpg
岐阜県,羽島郡笠松町,笠松,https://www.river.go.jp/kawabouStt/ipCamera.do?gamenId=01-0710&cameraId=21010048,https://www.river.go.jp/e/cctv/latest/21010048/G0709.jpeg,https://www.river.go.jp/e/cctv/usual/21010048/G0709.jpeg
岐阜県,養老郡養老町,福束（排）周辺,https://www.river.go.jp/kawabouStt/ipCamera.do?gamenId=01-0710&cameraId=21010056,https://www.river.go.jp/e/cctv/latest/21010056/G0604.jpeg,https://www.river.go.jp/e/cctv/usual/21010056/G0604.jpeg
岐阜県,養老郡養老町,高田橋,https://www.river.go.jp/kawabouStt/ipCamera.do?gamenId=01-0710&cameraId=21010057,https://www.river.go.jp/e/cctv/latest/21010057/G0714.jpeg,https://www.river.go.jp/e/cctv/usual/21010057/G0714.jpeg
岐阜県,養老郡養老町,根古地,https://www.river.go.jp/kawabouStt/ipCamera.do?gamenId=01-0710&cameraId=21010058,https://www.river.go.jp/e/cctv/latest/21010058/G0711.jpeg,https://www.river.go.jp/e/cctv/usual/21010058/G0711.jpeg
岐阜県,養老郡養老町,烏江橋,https://www.river.go.jp/kawabouStt/ipCamera.do?gamenId=01-0710&cameraId=21010059,https://www.river.go.jp/e/cctv/latest/21010059/G0460.jpeg,https://www.river.go.jp/e/cctv/usual/21010059/G0460.jpeg
岐阜県,養老郡養老町,金草川（排）,https://www.river.go.jp/kawabouStt/ipCamera.do?gamenId=01-0710&cameraId=21010060,https://www.river.go.jp/e/cctv/latest/21010060/G0462.jpeg,https://www.river.go.jp/e/cctv/usual/21010060/G0462.jpeg
岐阜県,安八郡安八町,新犀川（排）周辺,https://www.river.go.jp/kawabouStt/ipCamera.do?gamenId=01-0710&cameraId=21010001,https://www.river.go.jp/e/cctv/latest/21010001/G0248.jpeg,https://www.river.go.jp/e/cctv/usual/21010001/G0248.jpeg
岐阜県,揖斐郡揖斐川町,川口橋,https://www.river.go.jp/kawabouStt/ipCamera.do?gamenId=01-0710&cameraId=21010052,https://www.river.go.jp/e/cctv/latest/21010052/G0603.jpeg,https://www.river.go.jp/e/cctv/usual/21010052/G0603.jpeg
岐阜県,揖斐郡揖斐川町,岡島水位観測所,https://www.river.go.jp/kawabouStt/ipCamera.do?gamenId=01-0710&cameraId=21010053,https://www.river.go.jp/e/cctv/latest/21010053/G0602.jpeg,https://www.river.go.jp/e/cctv/usual/21010053/G0602.jpeg
岐阜県,揖斐郡大野町,藪川橋,https://www.river.go.jp/kawabouStt/ipCamera.do?gamenId=01-0710&cameraId=21010054,https://www.river.go.jp/e/cctv/latest/21010054/G0605.jpeg,https://www.river.go.jp/e/cctv/usual/21010054/G0605.jpeg
岐阜県,揖斐郡大野町,花田川（排） 周辺,https://www.river.go.jp/kawabouStt/ipCamera.do?gamenId=01-0710&cameraId=21010055,https://www.river.go.jp/e/cctv/latest/21010055/G0713.jpeg,https://www.river.go.jp/e/cctv/usual/21010055/G0713.jpeg
岐阜県,加茂郡坂祝町,加茂川（排）,https://www.river.go.jp/kawabouStt/ipCamera.do?gamenId=01-0710&cameraId=21010013,https://www.river.go.jp/e/cctv/latest/21010013/G0501.jpeg,https://www.river.go.jp/e/cctv/usual/21010013/G0501.jpeg
岐阜県,加茂郡坂祝町,勝山,https://www.river.go.jp/kawabouStt/ipCamera.do?gamenId=01-0710&cameraId=21010014,https://www.river.go.jp/e/cctv/latest/21010014/G0702.jpeg,https://www.river.go.jp/e/cctv/usual/21010014/G0702.jpeg
静岡県,静岡市,富士川右岸河口,https://www.river.go.jp/kawabouStt/ipCamera.do?gamenId=01-0710&cameraId=22010124,https://www.river.go.jp/e/cctv/latest/22010124/now.jpg,
静岡県,静岡市,新富士川橋,https://www.river.go.jp/kawabouStt/ipCamera.do?gamenId=01-0710&cameraId=22010125,https://www.river.go.jp/e/cctv/latest/22010125/now.jpg,
静岡県,静岡市,富士川左岸河口,https://www.river.go.jp/kawabouStt/ipCamera.do?gamenId=01-0710&cameraId=22010126,https://www.river.go.jp/e/cctv/latest/22010126/now.jpg,
静岡県,静岡市,宮下下流,https://www.river.go.jp/kawabouStt/ipCamera.do?gamenId=01-0710&cameraId=22010127,https://www.river.go.jp/e/cctv/latest/22010127/now.jpg,
静岡県,静岡市,手越水位観測所,https://www.river.go.jp/kawabouStt/ipCamera.do?gamenId=01-0710&cameraId=22010003,https://www.river.go.jp/e/cctv/latest/22010003/abe-tegoshi.jpg,
静岡県,静岡市,玉機橋,https://www.river.go.jp/kawabouStt/ipCamera.do?gamenId=01-0710&cameraId=22010041,https://www.river.go.jp/e/cctv/latest/22010041/abe-tamahatahashi.jpg,
静岡県,静岡市,郷島,https://www.river.go.jp/kawabouStt/ipCamera.do?gamenId=01-0710&cameraId=22010042,https://www.river.go.jp/e/cctv/latest/22010042/abe-goujima.jpg,
静岡県,静岡市,牛妻雨量水位,https://www.river.go.jp/kawabouStt/ipCamera.do?gamenId=01-0710&cameraId=22010043,https://www.river.go.jp/e/cctv/latest/22010043/abe-ushizuma.jpg,
静岡県,静岡市,賤機,https://www.river.go.jp/kawabouStt/ipCamera.do?gamenId=01-0710&cameraId=22010044,https://www.river.go.jp/e/cctv/latest/22010044/abe-shizuhata.jpg,
静岡県,静岡市,門屋,https://www.river.go.jp/kawabouStt/ipCamera.do?gamenId=01-0710&cameraId=22010045,https://www.river.go.jp/e/cctv/latest/22010045/abe-kadoya.jpg,
静岡県,静岡市,福田ヶ谷,https://www.river.go.jp/kawabouStt/ipCamera.do?gamenId=01-0710&cameraId=22010046,https://www.river.go.jp/e/cctv/latest/22010046/abe-fukudagaya.jpg,
静岡県,静岡市,堤町,https://www.river.go.jp/kawabouStt/ipCamera.do?gamenId=01-0710&cameraId=22010047,https://www.river.go.jp/e/cctv/latest/22010047/abe-tutumicho.jpg,
静岡県,静岡市,桜町,https://www.river.go.jp/kawabouStt/ipCamera.do?gamenId=01-0710&cameraId=22010048,https://www.river.go.jp/e/cctv/latest/22010048/abe-asakraachi.jpg,
静岡県,静岡市,辰起町,https://www.river.go.jp/kawabouStt/ipCamera.do?gamenId=01-0710&cameraId=22010049,https://www.river.go.jp/e/cctv/latest/22010049/abe-tasukicho.jpg,
静岡県,静岡市,静岡河川事務所西,https://www.river.go.jp/kawabouStt/ipCamera.do?gamenId=01-0710&cameraId=22010050,https://www.river.go.jp/e/cctv/latest/22010050/abe-shizuokakasen.jpg,
静岡県,静岡市,静岡河川事務所東,https://www.river.go.jp/kawabouStt/ipCamera.do?gamenId=01-0710&cameraId=22010051,https://www.river.go.jp/e/cctv/latest/22010051/abe-shizuokakasen-e.jpg,
静岡県,静岡市,向敷地,https://www.river.go.jp/kawabouStt/ipCamera.do?gamenId=01-0710&cameraId=22010052,https://www.river.go.jp/e/cctv/latest/22010052/abe-mukoushikichi.jpg,
静岡県,静岡市,安倍川橋,https://www.river.go.jp/kawabouStt/ipCamera.do?gamenId=01-0710&cameraId=22010053,https://www.river.go.jp/e/cctv/latest/22010053/abe-abekawahashi.jpg,
静岡県,静岡市,西中原,https://www.river.go.jp/kawabouStt/ipCamera.do?gamenId=01-0710&cameraId=22010054,https://www.river.go.jp/e/cctv/latest/22010054/abe-nishinakahara.jpg,
静岡県,静岡市,丸子新田,https://www.river.go.jp/kawabouStt/ipCamera.do?gamenId=01-0710&cameraId=22010055,https://www.river.go.jp/e/cctv/latest/22010055/abe-marikoshinden.jpg,
静岡県,静岡市,中野新田,https://www.river.go.jp/kawabouStt/ipCamera.do?gamenId=01-0710&cameraId=22010056,https://www.river.go.jp/e/cctv/latest/22010056/abe-nakanoshinden.jpg,
静岡県,静岡市,東新田,https://www.river.go.jp/kawabouStt/ipCamera.do?gamenId=01-0710&cameraId=22010057,https://www.river.go.jp/e/cctv/latest/22010057/abe-toushinden.jpg,
静岡県,静岡市,中島,https://www.river.go.jp/kawabouStt/ipCamera.do?gamenId=01-0710&cameraId=22010058,https://www.river.go.jp/e/cctv/latest/22010058/abe-suruganakajima.jpg,
静岡県,静岡市,河口,https://www.river.go.jp/kawabouStt/ipCamera.do?gamenId=01-0710&cameraId=22010059,https://www.river.go.jp/e/cctv/latest/22010059/abe-sagankakou.jpg,
静岡県,静岡市,奈良間雨量水位,https://www.river.go.jp/kawabouStt/ipCamera.do?gamenId=01-0710&cameraId=22010060,https://www.river.go.jp/e/cctv/latest/22010060/abe-narama.jpg,
静岡県,静岡市,新間,https://www.river.go.jp/kawabouStt/ipCamera.do?gamenId=01-0710&cameraId=22010061,https://www.river.go.jp/e/cctv/latest/22010061/abe-shinma.jpg,
静岡県,静岡市,牧ヶ谷橋,https://www.river.go.jp/kawabouStt/ipCamera.do?gamenId=01-0710&cameraId=22010062,https://www.river.go.jp/e/cctv/latest/22010062/abe-makigayahashi.jpg,
静岡県,静岡市,山崎,https://www.river.go.jp/kawabouStt/ipCamera.do?gamenId=01-0710&cameraId=22010063,https://www.river.go.jp/e/cctv/latest/22010063/abe-yamazaki.jpg,
静岡県,浜松市,中部大橋,https://www.river.go.jp/kawabouStt/ipCamera.do?gamenId=01-0710&cameraId=21824030,https://www.river.go.jp/e/cctv/latest/21824030/PCK0069L.jpg,https://www.river.go.jp/e/cctv/usual/21824030/21824030.jpg
静岡県,浜松市,佐久間地域自治センター,https://www.river.go.jp/kawabouStt/ipCamera.do?gamenId=01-0710&cameraId=21824031,https://www.river.go.jp/e/cctv/latest/21824031/PCK0068L.jpg,https://www.river.go.jp/e/cctv/usual/21824031/21824031.jpg
静岡県,浜松市,瀬尻橋,https://www.river.go.jp/kawabouStt/ipCamera.do?gamenId=01-0710&cameraId=21824032,https://www.river.go.jp/e/cctv/latest/21824032/PCK0067L.jpg,https://www.river.go.jp/e/cctv/usual/21824032/21824032.jpg
静岡県,浜松市,竜山大橋下流,https://www.river.go.jp/kawabouStt/ipCamera.do?gamenId=01-0710&cameraId=21824033,https://www.river.go.jp/e/cctv/latest/21824033/PCK0049L.jpg,https://www.river.go.jp/e/cctv/usual/21824033/21824033.jpg
静岡県,浜松市,気田川合流点,https://www.river.go.jp/kawabouStt/ipCamera.do?gamenId=01-0710&cameraId=21824034,https://www.river.go.jp/e/cctv/latest/21824034/PCK0048L.jpg,https://www.river.go.jp/e/cctv/usual/21824034/21824034.jpg
静岡県,浜松市,鹿島橋上流,https://www.river.go.jp/kawabouStt/ipCamera.do?gamenId=01-0710&cameraId=21824035,https://www.river.go.jp/e/cctv/latest/21824035/PCK0045L.jpg,https://www.river.go.jp/e/cctv/usual/21824035/21824035.jpg
静岡県,浜松市,県北遠合同庁舎,https://www.river.go.jp/kawabouStt/ipCamera.do?gamenId=01-0710&cameraId=21824036,https://www.river.go.jp/e/cctv/latest/21824036/PCK0044L.jpg,https://www.river.go.jp/e/cctv/usual/21824036/21824036.jpg
静岡県,浜松市,天竜川橋右岸,https://www.river.go.jp/kawabouStt/ipCamera.do?gamenId=01-0710&cameraId=21824037,https://www.river.go.jp/e/cctv/latest/21824037/PCK0038L.jpg,https://www.river.go.jp/e/cctv/usual/21824037/21824037.jpg
静岡県,浜松市,中ノ町河川公園,https://www.river.go.jp/kawabouStt/ipCamera.do?gamenId=01-0710&cameraId=21824038,https://www.river.go.jp/e/cctv/latest/21824038/PCK0037L.jpg,https://www.river.go.jp/e/cctv/usual/21824038/21824038.jpg
静岡県,浜松市,新貝地区,https://www.river.go.jp/kawabouStt/ipCamera.do?gamenId=01-0710&cameraId=21824039,https://www.river.go.jp/e/cctv/latest/21824039/PCK0034L.jpg,https://www.river.go.jp/e/cctv/usual/21824039/21824039.jpg
静岡県,浜松市,安間川合流点,https://www.river.go.jp/kawabouStt/ipCamera.do?gamenId=01-0710&cameraId=21824040,https://www.river.go.jp/e/cctv/latest/21824040/PCK0033L.jpg,https://www.river.go.jp/e/cctv/usual/21824040/21824040.jpg
静岡県,浜松市,掛塚橋上流,https://www.river.go.jp/kawabouStt/ipCamera.do?gamenId=01-0710&cameraId=21824041,https://www.river.go.jp/e/cctv/latest/21824041/PCK0032L.jpg,https://www.river.go.jp/e/cctv/usual/21824041/21824041.jpg
静岡県,浜松市,東海道線天竜川橋,https://www.river.go.jp/kawabouStt/ipCamera.do?gamenId=01-0710&cameraId=21824042,https://www.river.go.jp/e/cctv/latest/21824042/PCK0036L.jpg,https://www.river.go.jp/e/cctv/usual/21824042/21824042.jpg
静岡県,浜松市,ＪＲ新幹線天竜川橋上流,https://www.river.go.jp/kawabouStt/ipCamera.do?gamenId=01-0710&cameraId=21824043,https://www.river.go.jp/e/cctv/latest/21824043/PCK0035L.jpg,https://www.river.go.jp/e/cctv/usual/21824043/21824043.jpg
静岡県,浜松市,船明ダム下流,https://www.river.go.jp/kawabouStt/ipCamera.do?gamenId=01-0710&cameraId=21824045,https://www.river.go.jp/e/cctv/latest/21824045/PCK0046L.jpg,https://www.river.go.jp/e/cctv/usual/21824045/21824045.jpg
静岡県,浜松市,秋葉ダム下流,https://www.river.go.jp/kawabouStt/ipCamera.do?gamenId=01-0710&cameraId=21824046,https://www.river.go.jp/e/cctv/latest/21824046/PCK0050L.jpg,https://www.river.go.jp/e/cctv/usual/21824046/21824046.jpg
静岡県,浜松市,大千瀬川大入側合流点,https://www.river.go.jp/kawabouStt/ipCamera.do?gamenId=01-0710&cameraId=21824051,https://www.river.go.jp/e/cctv/latest/21824051/PCK0057L.jpg,https://www.river.go.jp/e/cctv/usual/21824051/21824051.jpg
静岡県,浜松市,佐久間町浦川,https://www.river.go.jp/kawabouStt/ipCamera.do?gamenId=01-0710&cameraId=21824052,https://www.river.go.jp/e/cctv/latest/21824052/PCK0056L.jpg,https://www.river.go.jp/e/cctv/usual/21824052/21824052.jpg
静岡県,浜松市,下川合,https://www.river.go.jp/kawabouStt/ipCamera.do?gamenId=01-0710&cameraId=21824055,https://www.river.go.jp/e/cctv/latest/21824055/PCK0055L.jpg,https://www.river.go.jp/e/cctv/usual/21824055/21824055.jpg
静岡県,沼津市,大場川,https://www.river.go.jp/kawabouStt/ipCamera.do?gamenId=01-0710&cameraId=22010080,https://www.river.go.jp/e/cctv/latest/22010080/101.jpg,
静岡県,沼津市,香貫山展望台,https://www.river.go.jp/kawabouStt/ipCamera.do?gamenId=01-0710&cameraId=22010082,https://www.river.go.jp/e/cctv/latest/22010082/165.jpg,
静岡県,沼津市,狩野川河口,https://www.river.go.jp/kawabouStt/ipCamera.do?gamenId=01-0710&cameraId=22010083,https://www.river.go.jp/e/cctv/latest/22010083/145.jpg,
静岡県,沼津市,江川排水機場,https://www.river.go.jp/kawabouStt/ipCamera.do?gamenId=01-0710&cameraId=22010116,https://www.river.go.jp/e/cctv/latest/22010116/124.jpg,
静岡県,沼津市,黒瀬橋,https://www.river.go.jp/kawabouStt/ipCamera.do?gamenId=01-0710&cameraId=22010117,https://www.river.go.jp/e/cctv/latest/22010117/121.jpg,
静岡県,沼津市,黄瀬川合流点,https://www.river.go.jp/kawabouStt/ipCamera.do?gamenId=01-0710&cameraId=22010118,https://www.river.go.jp/e/cctv/latest/22010118/122.jpg,
静岡県,沼津市,香貫大橋,https://www.river.go.jp/kawabouStt/ipCamera.do?gamenId=01-0710&cameraId=22010119,https://www.river.go.jp/e/cctv/latest/22010119/135.jpg,
静岡県,沼津市,三園橋,https://www.river.go.jp/kawabouStt/ipCamera.do?gamenId=01-0710&cameraId=22010120,https://www.river.go.jp/e/cctv/latest/22010120/136.jpg,
静岡県,沼津市,木瀬地区,https://www.river.go.jp/kawabouStt/ipCamera.do?gamenId=01-0710&cameraId=22010121,https://www.river.go.jp/e/cctv/latest/22010121/146.jpg,
静岡県,沼津市,沼津市役所,https://www.river.go.jp/kawabouStt/ipCamera.do?gamenId=01-0710&cameraId=22010122,https://www.river.go.jp/e/cctv/latest/22010122/166.jpg,
静岡県,沼津市,御成橋,https://www.river.go.jp/kawabouStt/ipCamera.do?gamenId=01-0710&cameraId=22010123,https://www.river.go.jp/e/cctv/latest/22010123/167.jpg,
静岡県,沼津市,珍野,https://www.river.go.jp/kawabouStt/ipCamera.do?gamenId=01-0710&cameraId=22010112,https://www.river.go.jp/e/cctv/latest/22010112/106.jpg,
静岡県,沼津市,長塚橋,https://www.river.go.jp/kawabouStt/ipCamera.do?gamenId=01-0710&cameraId=22010113,https://www.river.go.jp/e/cctv/latest/22010113/120.jpg,
静岡県,沼津市,口野橋,https://www.river.go.jp/kawabouStt/ipCamera.do?gamenId=01-0710&cameraId=22010114,https://www.river.go.jp/e/cctv/latest/22010114/119.jpg,
静岡県,沼津市,口野水位観測所,https://www.river.go.jp/kawabouStt/ipCamera.do?gamenId=01-0710&cameraId=22010115,https://www.river.go.jp/e/cctv/latest/22010115/118.jpg,
静岡県,沼津市,本宿,https://www.river.go.jp/kawabouStt/ipCamera.do?gamenId=01-0710&cameraId=22010081,https://www.river.go.jp/e/cctv/latest/22010081/110.jpg,
静岡県,三島市,境川排水機場 屋上,https://www.river.go.jp/kawabouStt/ipCamera.do?gamenId=01-0710&cameraId=22010098,https://www.river.go.jp/e/cctv/latest/22010098/125.jpg,
静岡県,富士宮市,北松野,https://www.river.go.jp/kawabouStt/ipCamera.do?gamenId=01-0710&cameraId=22010002,https://www.river.go.jp/e/cctv/latest/22010002/Camera.jpg,
静岡県,富士宮市,富士川・下稲子,https://www.river.go.jp/kawabouStt/ipCamera.do?gamenId=01-0710&cameraId=22010132,https://www.river.go.jp/e/cctv/latest/22010132/now.jpg,
静岡県,島田市,神座水位補助,https://www.river.go.jp/kawabouStt/ipCamera.do?gamenId=01-0710&cameraId=22010064,https://www.river.go.jp/e/cctv/latest/22010064/ooi-kanzahojo.jpg,
静岡県,島田市,神座水位,https://www.river.go.jp/kawabouStt/ipCamera.do?gamenId=01-0710&cameraId=22010065,https://www.river.go.jp/e/cctv/latest/22010065/ooi-kanzasuui.jpg,
静岡県,島田市,神座南,https://www.river.go.jp/kawabouStt/ipCamera.do?gamenId=01-0710&cameraId=22010066,https://www.river.go.jp/e/cctv/latest/22010066/ooi-kanzaminami.jpg,
静岡県,島田市,水路橋,https://www.river.go.jp/kawabouStt/ipCamera.do?gamenId=01-0710&cameraId=22010067,https://www.river.go.jp/e/cctv/latest/22010067/ooi-suirokyou.jpg,
静岡県,島田市,相賀,https://www.river.go.jp/kawabouStt/ipCamera.do?gamenId=01-0710&cameraId=22010068,https://www.river.go.jp/e/cctv/latest/22010068/ooi-souka.jpg,
静岡県,島田市,赤松水位,https://www.river.go.jp/kawabouStt/ipCamera.do?gamenId=01-0710&cameraId=22010069,https://www.river.go.jp/e/cctv/latest/22010069/ooi-akamatsu.jpg,
静岡県,島田市,稲荷,https://www.river.go.jp/kawabouStt/ipCamera.do?gamenId=01-0710&cameraId=22010070,https://www.river.go.jp/e/cctv/latest/22010070/ooi-inari.jpg,
静岡県,島田市,河原,https://www.river.go.jp/kawabouStt/ipCamera.do?gamenId=01-0710&cameraId=22010071,https://www.river.go.jp/e/cctv/latest/22010071/ooi-kawahara.jpg,
静岡県,島田市,金谷,https://www.river.go.jp/kawabouStt/ipCamera.do?gamenId=01-0710&cameraId=22010072,https://www.river.go.jp/e/cctv/latest/22010072/ooi-kanaya.jpg,
静岡県,島田市,島田市出張所,https://www.river.go.jp/kawabouStt/ipCamera.do?gamenId=01-0710&cameraId=22010073,https://www.river.go.jp/e/cctv/latest/22010073/ooi-shimadashucchousho.jpg,
静岡県,島田市,横井,https://www.river.go.jp/kawabouStt/ipCamera.do?gamenId=01-0710&cameraId=22010074,https://www.river.go.jp/e/cctv/latest/22010074/ooi-yokoi.jpg,
静岡県,島田市,島田大橋,https://www.river.go.jp/kawabouStt/ipCamera.do?gamenId=01-0710&cameraId=22010075,https://www.river.go.jp/e/cctv/latest/22010075/ooi-shimadaoohashisagan.jpg,
静岡県,島田市,谷口橋,https://www.river.go.jp/kawabouStt/ipCamera.do?gamenId=01-0710&cameraId=22010076,https://www.river.go.jp/e/cctv/latest/22010076/ooi-yaguchihashiugan.jpg,
静岡県,島田市,細島水位,https://www.river.go.jp/kawabouStt/ipCamera.do?gamenId=01-0710&cameraId=22010077,https://www.river.go.jp/e/cctv/latest/22010077/ooi-hosojima.jpg,
静岡県,富士市,松岡観測所,https://www.river.go.jp/kawabouStt/ipCamera.do?gamenId=01-0710&cameraId=22010001,https://www.river.go.jp/e/cctv/latest/22010001/Camera.jpg,
静岡県,富士市,北松野,https://www.river.go.jp/kawabouStt/ipCamera.do?gamenId=01-0710&cameraId=22010002,https://www.river.go.jp/e/cctv/latest/22010002/Camera.jpg,
静岡県,富士市,富士川右岸河口,https://www.river.go.jp/kawabouStt/ipCamera.do?gamenId=01-0710&cameraId=22010124,https://www.river.go.jp/e/cctv/latest/22010124/now.jpg,
静岡県,富士市,新富士川橋,https://www.river.go.jp/kawabouStt/ipCamera.do?gamenId=01-0710&cameraId=22010125,https://www.river.go.jp/e/cctv/latest/22010125/now.jpg,
静岡県,富士市,富士川左岸河口,https://www.river.go.jp/kawabouStt/ipCamera.do?gamenId=01-0710&cameraId=22010126,https://www.river.go.jp/e/cctv/latest/22010126/now.jpg,
静岡県,富士市,宮下下流,https://www.river.go.jp/kawabouStt/ipCamera.do?gamenId=01-0710&cameraId=22010127,https://www.river.go.jp/e/cctv/latest/22010127/now.jpg,
静岡県,富士市,宮下上流,https://www.river.go.jp/kawabouStt/ipCamera.do?gamenId=01-0710&cameraId=22010128,https://www.river.go.jp/e/cctv/latest/22010128/now.jpg,
静岡県,富士市,森島,https://www.river.go.jp/kawabouStt/ipCamera.do?gamenId=01-0710&cameraId=22010129,https://www.river.go.jp/e/cctv/latest/22010129/now.jpg,
静岡県,富士市,新備前堤,https://www.river.go.jp/kawabouStt/ipCamera.do?gamenId=01-0710&cameraId=22010130,https://www.river.go.jp/e/cctv/latest/22010130/now.jpg,
静岡県,富士市,３番出水制,https://www.river.go.jp/kawabouStt/ipCamera.do?gamenId=01-0710&cameraId=22010131,https://www.river.go.jp/e/cctv/latest/22010131/now.jpg,
静岡県,磐田市,野辺地区,https://www.river.go.jp/kawabouStt/ipCamera.do?gamenId=01-0710&cameraId=21824001,https://www.river.go.jp/e/cctv/latest/21824001/PCK0043L.jpg,https://www.river.go.jp/e/cctv/usual/21824001/21824001.jpg
静岡県,磐田市,一雲済川,https://www.river.go.jp/kawabouStt/ipCamera.do?gamenId=01-0710&cameraId=21824002,https://www.river.go.jp/e/cctv/latest/21824002/PCK0041L.jpg,https://www.river.go.jp/e/cctv/usual/21824002/21824002.jpg
静岡県,磐田市,池田樋管下流,https://www.river.go.jp/kawabouStt/ipCamera.do?gamenId=01-0710&cameraId=21824003,https://www.river.go.jp/e/cctv/latest/21824003/PCK0040L.jpg,https://www.river.go.jp/e/cctv/usual/21824003/21824003.jpg
静岡県,磐田市,池田水位観測所,https://www.river.go.jp/kawabouStt/ipCamera.do?gamenId=01-0710&cameraId=21824004,https://www.river.go.jp/e/cctv/latest/21824004/PCK0039L.jpg,https://www.river.go.jp/e/cctv/usual/21824004/21824004.jpg
静岡県,磐田市,天竜川河口,https://www.river.go.jp/kawabouStt/ipCamera.do?gamenId=01-0710&cameraId=21824005,https://www.river.go.jp/e/cctv/latest/21824005/PCK0073L.jpg,https://www.river.go.jp/e/cctv/usual/21824005/21824005.jpg
静岡県,磐田市,浜北大橋上流,https://www.river.go.jp/kawabouStt/ipCamera.do?gamenId=01-0710&cameraId=21824044,https://www.river.go.jp/e/cctv/latest/21824044/PCK0042L.jpg,https://www.river.go.jp/e/cctv/usual/21824044/21824044.jpg
静岡県,焼津市,東名大井川橋,https://www.river.go.jp/kawabouStt/ipCamera.do?gamenId=01-0710&cameraId=22010099,https://www.river.go.jp/e/cctv/latest/22010099/ooi-tomeioigawahashi.jpg,
静岡県,焼津市,富士見橋,https://www.river.go.jp/kawabouStt/ipCamera.do?gamenId=01-0710&cameraId=22010100,https://www.river.go.jp/e/cctv/latest/22010100/ooi-fujimihashisagan.jpg,
静岡県,焼津市,中島,https://www.river.go.jp/kawabouStt/ipCamera.do?gamenId=01-0710&cameraId=22010101,https://www.river.go.jp/e/cctv/latest/22010101/ooi-ooigawanakajima.jpg,
静岡県,焼津市,太平橋,https://www.river.go.jp/kawabouStt/ipCamera.do?gamenId=01-0710&cameraId=22010102,https://www.river.go.jp/e/cctv/latest/22010102/ooi-taiheibashisagan.jpg,
静岡県,焼津市,飯淵,https://www.river.go.jp/kawabouStt/ipCamera.do?gamenId=01-0710&cameraId=22010103,https://www.river.go.jp/e/cctv/latest/22010103/ooi-habuchi.jpg,
静岡県,焼津市,河口,https://www.river.go.jp/kawabouStt/ipCamera.do?gamenId=01-0710&cameraId=22010104,https://www.river.go.jp/e/cctv/latest/22010104/ooi-sagankakou.jpg,
静岡県,掛川市,稲荷部樋門下流,https://www.river.go.jp/kawabouStt/ipCamera.do?gamenId=01-0710&cameraId=21824006,https://www.river.go.jp/e/cctv/latest/21824006/PCK0006L.jpg,https://www.river.go.jp/e/cctv/usual/21824006/21824006.jpg
静岡県,掛川市,国安水位観測所,https://www.river.go.jp/kawabouStt/ipCamera.do?gamenId=01-0710&cameraId=21824007,https://www.river.go.jp/e/cctv/latest/21824007/PCK0004L.jpg,https://www.river.go.jp/e/cctv/usual/21824007/21824007.jpg
静岡県,掛川市,高松川水門対岸,https://www.river.go.jp/kawabouStt/ipCamera.do?gamenId=01-0710&cameraId=21824008,https://www.river.go.jp/e/cctv/latest/21824008/PCK0070L.jpg,https://www.river.go.jp/e/cctv/usual/21824008/21824008.jpg
静岡県,掛川市,高松川水門,https://www.river.go.jp/kawabouStt/ipCamera.do?gamenId=01-0710&cameraId=21824009,https://www.river.go.jp/e/cctv/latest/21824009/PCK0001L.jpg,https://www.river.go.jp/e/cctv/usual/21824009/21824009.jpg
静岡県,掛川市,第三城東橋,https://www.river.go.jp/kawabouStt/ipCamera.do?gamenId=01-0710&cameraId=21824010,https://www.river.go.jp/e/cctv/latest/21824010/PCK0072L.jpg,https://www.river.go.jp/e/cctv/usual/21824010/21824010.jpg
静岡県,掛川市,川久保水位観測所,https://www.river.go.jp/kawabouStt/ipCamera.do?gamenId=01-0710&cameraId=21824011,https://www.river.go.jp/e/cctv/latest/21824011/PCK0074L.jpg,https://www.river.go.jp/e/cctv/usual/21824011/21824011.jpg
静岡県,掛川市,下小笠川小梅橋,https://www.river.go.jp/kawabouStt/ipCamera.do?gamenId=01-0710&cameraId=21824012,https://www.river.go.jp/e/cctv/latest/21824012/PCK0031L.jpg,https://www.river.go.jp/e/cctv/usual/21824012/21824012.jpg
静岡県,掛川市,下小笠川兼情橋上流,https://www.river.go.jp/kawabouStt/ipCamera.do?gamenId=01-0710&cameraId=21824013,https://www.river.go.jp/e/cctv/latest/21824013/PCK0030L.jpg,https://www.river.go.jp/e/cctv/usual/21824013/21824013.jpg
静岡県,掛川市,菊川下小笠川合流点,https://www.river.go.jp/kawabouStt/ipCamera.do?gamenId=01-0710&cameraId=21824014,https://www.river.go.jp/e/cctv/latest/21824014/PCK0029L.jpg,https://www.river.go.jp/e/cctv/usual/21824014/21824014.jpg
静岡県,藤枝市,源助橋,https://www.river.go.jp/kawabouStt/ipCamera.do?gamenId=01-0710&cameraId=22010096,https://www.river.go.jp/e/cctv/latest/22010096/ooi-gensukehashi.jpg,
静岡県,藤枝市,善左衛門,https://www.river.go.jp/kawabouStt/ipCamera.do?gamenId=01-0710&cameraId=22010097,https://www.river.go.jp/e/cctv/latest/22010097/ooi-zenzaemon.jpg,
静岡県,伊豆市,修善寺橋,https://www.river.go.jp/kawabouStt/ipCamera.do?gamenId=01-0710&cameraId=22010108,https://www.river.go.jp/e/cctv/latest/22010108/142.jpg,
静岡県,伊豆市,狩野川大橋,https://www.river.go.jp/kawabouStt/ipCamera.do?gamenId=01-0710&cameraId=22010109,https://www.river.go.jp/e/cctv/latest/22010109/143.jpg,
静岡県,菊川市,菊川頭首工下流,https://www.river.go.jp/kawabouStt/ipCamera.do?gamenId=01-0710&cameraId=21824015,https://www.river.go.jp/e/cctv/latest/21824015/PCK0014L.jpg,https://www.river.go.jp/e/cctv/usual/21824015/21824015.jpg
静岡県,菊川市,東海道線菊川橋,https://www.river.go.jp/kawabouStt/ipCamera.do?gamenId=01-0710&cameraId=21824017,https://www.river.go.jp/e/cctv/latest/21824017/PCK0013L.jpg,https://www.river.go.jp/e/cctv/usual/21824017/21824017.jpg
静岡県,菊川市,下前田川内水地区,https://www.river.go.jp/kawabouStt/ipCamera.do?gamenId=01-0710&cameraId=21824018,https://www.river.go.jp/e/cctv/latest/21824018/PCK0012L.jpg,https://www.river.go.jp/e/cctv/usual/21824018/21824018.jpg
静岡県,菊川市,東名菊川橋上流,https://www.river.go.jp/kawabouStt/ipCamera.do?gamenId=01-0710&cameraId=21824019,https://www.river.go.jp/e/cctv/latest/21824019/PCK0011L.jpg,https://www.river.go.jp/e/cctv/usual/21824019/21824019.jpg
静岡県,菊川市,文化会館アエル,https://www.river.go.jp/kawabouStt/ipCamera.do?gamenId=01-0710&cameraId=21824020,https://www.river.go.jp/e/cctv/latest/21824020/PCK0010L.jpg,https://www.river.go.jp/e/cctv/usual/21824020/21824020.jpg
静岡県,菊川市,加茂水位観測所,https://www.river.go.jp/kawabouStt/ipCamera.do?gamenId=01-0710&cameraId=21824021,https://www.river.go.jp/e/cctv/latest/21824021/PCK0009L.jpg,https://www.river.go.jp/e/cctv/usual/21824021/21824021.jpg
静岡県,菊川市,若宮樋管,https://www.river.go.jp/kawabouStt/ipCamera.do?gamenId=01-0710&cameraId=21824022,https://www.river.go.jp/e/cctv/latest/21824022/PCK0008L.jpg,https://www.river.go.jp/e/cctv/usual/21824022/21824022.jpg
静岡県,菊川市,高田橋上流,https://www.river.go.jp/kawabouStt/ipCamera.do?gamenId=01-0710&cameraId=21824023,https://www.river.go.jp/e/cctv/latest/21824023/PCK0007L.jpg,https://www.river.go.jp/e/cctv/usual/21824023/21824023.jpg
静岡県,菊川市,嶺田水位観測所,https://www.river.go.jp/kawabouStt/ipCamera.do?gamenId=01-0710&cameraId=21824024,https://www.river.go.jp/e/cctv/latest/21824024/PCK0005L.jpg,https://www.river.go.jp/e/cctv/usual/21824024/21824024.jpg
静岡県,菊川市,黒沢樋門,https://www.river.go.jp/kawabouStt/ipCamera.do?gamenId=01-0710&cameraId=21824026,https://www.river.go.jp/e/cctv/latest/21824026/PCK0022L.jpg,https://www.river.go.jp/e/cctv/usual/21824026/21824026.jpg
静岡県,菊川市,江川樋門,https://www.river.go.jp/kawabouStt/ipCamera.do?gamenId=01-0710&cameraId=21824027,https://www.river.go.jp/e/cctv/latest/21824027/PCK0021L.jpg,https://www.river.go.jp/e/cctv/usual/21824027/21824027.jpg
静岡県,菊川市,江川（排）場内,https://www.river.go.jp/kawabouStt/ipCamera.do?gamenId=01-0710&cameraId=21824028,https://www.river.go.jp/e/cctv/latest/21824028/PCK0019L.jpg,https://www.river.go.jp/e/cctv/usual/21824028/21824028.jpg
静岡県,菊川市,堂山水位観測所,https://www.river.go.jp/kawabouStt/ipCamera.do?gamenId=01-0710&cameraId=21824029,https://www.river.go.jp/e/cctv/latest/21824029/PCK0071L.jpg,https://www.river.go.jp/e/cctv/usual/21824029/21824029.jpg
静岡県,菊川市,黒沢川樋管,https://www.river.go.jp/kawabouStt/ipCamera.do?gamenId=01-0710&cameraId=21824016,https://www.river.go.jp/e/cctv/latest/21824016/PCK0028L.jpg,https://www.river.go.jp/e/cctv/usual/21824016/21824016.jpg
静岡県,菊川市,黒沢（排）場内,https://www.river.go.jp/kawabouStt/ipCamera.do?gamenId=01-0710&cameraId=21824025,https://www.river.go.jp/e/cctv/latest/21824025/PCK0024L.jpg,https://www.river.go.jp/e/cctv/usual/21824025/21824025.jpg
静岡県,伊豆の国市,伊豆長岡出張所,https://www.river.go.jp/kawabouStt/ipCamera.do?gamenId=01-0710&cameraId=22010004,https://www.river.go.jp/e/cctv/latest/22010004/105.jpg,
静岡県,伊豆の国市,鏡橋,https://www.river.go.jp/kawabouStt/ipCamera.do?gamenId=01-0710&cameraId=22010005,https://www.river.go.jp/e/cctv/latest/22010005/107.jpg,
静岡県,伊豆の国市,四日町排水機場 屋上,https://www.river.go.jp/kawabouStt/ipCamera.do?gamenId=01-0710&cameraId=22010006,https://www.river.go.jp/e/cctv/latest/22010006/126.jpg,
静岡県,伊豆の国市,小坂排水機場 ポンプ吐出口,https://www.river.go.jp/kawabouStt/ipCamera.do?gamenId=01-0710&cameraId=22010007,https://www.river.go.jp/e/cctv/latest/22010007/133.jpg,
静岡県,伊豆の国市,大門橋上流,https://www.river.go.jp/kawabouStt/ipCamera.do?gamenId=01-0710&cameraId=22010008,https://www.river.go.jp/e/cctv/latest/22010008/137.jpg,
静岡県,伊豆の国市,千歳橋,https://www.river.go.jp/kawabouStt/ipCamera.do?gamenId=01-0710&cameraId=22010009,https://www.river.go.jp/e/cctv/latest/22010009/138.jpg,
静岡県,伊豆の国市,石堂橋,https://www.river.go.jp/kawabouStt/ipCamera.do?gamenId=01-0710&cameraId=22010010,https://www.river.go.jp/e/cctv/latest/22010010/123.jpg,
静岡県,伊豆の国市,狩野川大橋,https://www.river.go.jp/kawabouStt/ipCamera.do?gamenId=01-0710&cameraId=22010109,https://www.river.go.jp/e/cctv/latest/22010109/143.jpg,
静岡県,伊豆の国市,宗光寺排水機場,https://www.river.go.jp/kawabouStt/ipCamera.do?gamenId=01-0710&cameraId=22010110,https://www.river.go.jp/e/cctv/latest/22010110/131.jpg,
静岡県,伊豆の国市,堂川樋門,https://www.river.go.jp/kawabouStt/ipCamera.do?gamenId=01-0710&cameraId=22010011,https://www.river.go.jp/e/cctv/latest/22010011/164.jpg,
静岡県,伊豆の国市,仁田橋,https://www.river.go.jp/kawabouStt/ipCamera.do?gamenId=01-0710&cameraId=22010111,https://www.river.go.jp/e/cctv/latest/22010111/144.jpg,
静岡県,田方郡函南町,来光川,https://www.river.go.jp/kawabouStt/ipCamera.do?gamenId=01-0710&cameraId=22010078,https://www.river.go.jp/e/cctv/latest/22010078/102.jpg,
静岡県,田方郡函南町,函南観音川排水機場 屋上,https://www.river.go.jp/kawabouStt/ipCamera.do?gamenId=01-0710&cameraId=22010079,https://www.river.go.jp/e/cctv/latest/22010079/127.jpg,
静岡県,田方郡函南町,仁田橋,https://www.river.go.jp/kawabouStt/ipCamera.do?gamenId=01-0710&cameraId=22010111,https://www.river.go.jp/e/cctv/latest/22010111/144.jpg,
愛知県,名古屋市,志段味水位観測所,https://www.river.go.jp/kawabouStt/ipCamera.do?gamenId=01-0710&cameraId=23010001,https://www.river.go.jp/e/cctv/latest/23010001/cctv0122640.jpg,https://www.river.go.jp/e/cctv/usual/23010001/cctv0122320.jpg
愛知県,名古屋市,野添川合流点,https://www.river.go.jp/kawabouStt/ipCamera.do?gamenId=01-0710&cameraId=23010069,https://www.river.go.jp/e/cctv/latest/23010069/cctv0123640.jpg,https://www.river.go.jp/e/cctv/usual/23010069/cctv0123320.jpg
愛知県,名古屋市,八田川合流点,https://www.river.go.jp/kawabouStt/ipCamera.do?gamenId=01-0710&cameraId=23010070,https://www.river.go.jp/e/cctv/latest/23010070/cctv0118640.jpg,https://www.river.go.jp/e/cctv/usual/23010070/cctv0118320.jpg
愛知県,名古屋市,水分橋緑地,https://www.river.go.jp/kawabouStt/ipCamera.do?gamenId=01-0710&cameraId=23010071,https://www.river.go.jp/e/cctv/latest/23010071/cctv0117640.jpg,https://www.river.go.jp/e/cctv/usual/23010071/cctv0117320.jpg
愛知県,名古屋市,洗堰,https://www.river.go.jp/kawabouStt/ipCamera.do?gamenId=01-0710&cameraId=23010072,https://www.river.go.jp/e/cctv/latest/23010072/cctv0116640.jpg,https://www.river.go.jp/e/cctv/usual/23010072/cctv0116320.jpg
愛知県,名古屋市,庄内川事務所,https://www.river.go.jp/kawabouStt/ipCamera.do?gamenId=01-0710&cameraId=23010073,https://www.river.go.jp/e/cctv/latest/23010073/cctv0115640.jpg,https://www.river.go.jp/e/cctv/usual/23010073/cctv0115320.jpg
愛知県,名古屋市,小田井遊水池,https://www.river.go.jp/kawabouStt/ipCamera.do?gamenId=01-0710&cameraId=23010074,https://www.river.go.jp/e/cctv/latest/23010074/cctv0114640.jpg,https://www.river.go.jp/e/cctv/usual/23010074/cctv0114320.jpg
愛知県,名古屋市,枇杷島橋上流,https://www.river.go.jp/kawabouStt/ipCamera.do?gamenId=01-0710&cameraId=23010075,https://www.river.go.jp/e/cctv/latest/23010075/cctv0112640.jpg,https://www.river.go.jp/e/cctv/usual/23010075/cctv0112320.jpg
愛知県,名古屋市,新幹線上流,https://www.river.go.jp/kawabouStt/ipCamera.do?gamenId=01-0710&cameraId=23010076,https://www.river.go.jp/e/cctv/latest/23010076/cctv0111640.jpg,https://www.river.go.jp/e/cctv/usual/23010076/cctv0111320.jpg
愛知県,名古屋市,大正橋緑地,https://www.river.go.jp/kawabouStt/ipCamera.do?gamenId=01-0710&cameraId=23010077,https://www.river.go.jp/e/cctv/latest/23010077/cctv0109640.jpg,https://www.river.go.jp/e/cctv/usual/23010077/cctv0109320.jpg
愛知県,名古屋市,第一出張所,https://www.river.go.jp/kawabouStt/ipCamera.do?gamenId=01-0710&cameraId=23010078,https://www.river.go.jp/e/cctv/latest/23010078/cctv0108640.jpg,https://www.river.go.jp/e/cctv/usual/23010078/cctv0108320.jpg
愛知県,名古屋市,JR関西線上流,https://www.river.go.jp/kawabouStt/ipCamera.do?gamenId=01-0710&cameraId=23010079,https://www.river.go.jp/e/cctv/latest/23010079/cctv0107640.jpg,https://www.river.go.jp/e/cctv/usual/23010079/cctv0107320.jpg
愛知県,名古屋市,一色大橋上流,https://www.river.go.jp/kawabouStt/ipCamera.do?gamenId=01-0710&cameraId=23010080,https://www.river.go.jp/e/cctv/latest/23010080/cctv0106640.jpg,https://www.river.go.jp/e/cctv/usual/23010080/cctv0106320.jpg
愛知県,名古屋市,一色大橋下流,https://www.river.go.jp/kawabouStt/ipCamera.do?gamenId=01-0710&cameraId=23010081,https://www.river.go.jp/e/cctv/latest/23010081/cctv0105640.jpg,https://www.river.go.jp/e/cctv/usual/23010081/cctv0105320.jpg
愛知県,名古屋市,下之一色水防拠点,https://www.river.go.jp/kawabouStt/ipCamera.do?gamenId=01-0710&cameraId=23010082,https://www.river.go.jp/e/cctv/latest/23010082/cctv0104640.jpg,https://www.river.go.jp/e/cctv/usual/23010082/cctv0104320.jpg
愛知県,名古屋市,当知観測所,https://www.river.go.jp/kawabouStt/ipCamera.do?gamenId=01-0710&cameraId=23010083,https://www.river.go.jp/e/cctv/latest/23010083/cctv0103640.jpg,https://www.river.go.jp/e/cctv/usual/23010083/cctv0103320.jpg
愛知県,名古屋市,庄内新川橋下流,https://www.river.go.jp/kawabouStt/ipCamera.do?gamenId=01-0710&cameraId=23010084,https://www.river.go.jp/e/cctv/latest/23010084/cctv0102640.jpg,https://www.river.go.jp/e/cctv/usual/23010084/cctv0102320.jpg
愛知県,名古屋市,河口稲永公園,https://www.river.go.jp/kawabouStt/ipCamera.do?gamenId=01-0710&cameraId=23010085,https://www.river.go.jp/e/cctv/latest/23010085/cctv0101640.jpg,https://www.river.go.jp/e/cctv/usual/23010085/cctv0101320.jpg
愛知県,名古屋市,守山排水樋門,https://www.river.go.jp/kawabouStt/ipCamera.do?gamenId=01-0710&cameraId=23010086,https://www.river.go.jp/e/cctv/latest/23010086/cctv0127640.jpg,https://www.river.go.jp/e/cctv/usual/23010086/cctv0127320.jpg
愛知県,名古屋市,JR中央線上流,https://www.river.go.jp/kawabouStt/ipCamera.do?gamenId=01-0710&cameraId=23010087,https://www.river.go.jp/e/cctv/latest/23010087/cctv0126640.jpg,https://www.river.go.jp/e/cctv/usual/23010087/cctv0126320.jpg
愛知県,名古屋市,三階橋上流,https://www.river.go.jp/kawabouStt/ipCamera.do?gamenId=01-0710&cameraId=23010088,https://www.river.go.jp/e/cctv/latest/23010088/cctv0125640.jpg,https://www.river.go.jp/e/cctv/usual/23010088/cctv0125320.jpg
愛知県,名古屋市,新川中橋上流,https://www.river.go.jp/kawabouStt/ipCamera.do?gamenId=01-0710&cameraId=23010089,https://www.river.go.jp/e/cctv/latest/23010089/cctv0124640.jpg,https://www.river.go.jp/e/cctv/usual/23010089/cctv0124320.jpg
愛知県,名古屋市,三階橋下流,https://www.river.go.jp/kawabouStt/ipCamera.do?gamenId=01-0710&cameraId=23010095,https://www.river.go.jp/e/cctv/latest/23010095/cctv0141640.jpg,https://www.river.go.jp/e/cctv/usual/23010095/cctv0141320.jpg
愛知県,豊橋市,放水路管理所屋上付近,https://www.river.go.jp/kawabouStt/ipCamera.do?gamenId=01-0710&cameraId=23010055,https://www.river.go.jp/e/cctv/latest/23010055/camera21016_640_00.jpg?1456459650188,
愛知県,豊橋市,下条橋左岸付近,https://www.river.go.jp/kawabouStt/ipCamera.do?gamenId=01-0710&cameraId=23010056,https://www.river.go.jp/e/cctv/latest/23010056/cameraty005_640_00.jpg?1456459665622,
愛知県,豊橋市,NTT鉄塔付近,https://www.river.go.jp/kawabouStt/ipCamera.do?gamenId=01-0710&cameraId=23010057,https://www.river.go.jp/e/cctv/latest/23010057/cameraty006_640_00.jpg?1456459687033,
愛知県,豊橋市,大村樋門付近,https://www.river.go.jp/kawabouStt/ipCamera.do?gamenId=01-0710&cameraId=23010058,https://www.river.go.jp/e/cctv/latest/23010058/camera21013_640_00.jpg?1456459716711,
愛知県,豊橋市,豊橋市上下水道局付近,https://www.river.go.jp/kawabouStt/ipCamera.do?gamenId=01-0710&cameraId=23010059,https://www.river.go.jp/e/cctv/latest/23010059/cameraty001_640_00.jpg?1456459704420,
愛知県,豊橋市,豊橋市役所屋上付近,https://www.river.go.jp/kawabouStt/ipCamera.do?gamenId=01-0710&cameraId=23010060,https://www.river.go.jp/e/cctv/latest/23010060/camera21011_640_00.jpg?1456459738937,
愛知県,豊橋市,豊橋水位観測所付近,https://www.river.go.jp/kawabouStt/ipCamera.do?gamenId=01-0710&cameraId=23010061,https://www.river.go.jp/e/cctv/latest/23010061/cameraty002_640_00.jpg?1456459753925,
愛知県,豊橋市,豊川出張所鉄塔付近,https://www.river.go.jp/kawabouStt/ipCamera.do?gamenId=01-0710&cameraId=23010062,https://www.river.go.jp/e/cctv/latest/23010062/camera21010_640_00.jpg?1456459765763,
愛知県,豊橋市,JR豊川橋付近,https://www.river.go.jp/kawabouStt/ipCamera.do?gamenId=01-0710&cameraId=23010063,https://www.river.go.jp/e/cctv/latest/23010063/camera21009_640_00.jpg?1456459774585,
愛知県,豊橋市,上渡津橋付近,https://www.river.go.jp/kawabouStt/ipCamera.do?gamenId=01-0710&cameraId=23010064,https://www.river.go.jp/e/cctv/latest/23010064/camera21008_640_00.jpg?1456459781908,
愛知県,豊橋市,下条霞,https://www.river.go.jp/kawabouStt/ipCamera.do?gamenId=01-0710&cameraId=23010098,https://www.river.go.jp/e/cctv/latest/23010098/camera21015_640_10.jpg,
愛知県,豊橋市,東江川樋門付近,https://www.river.go.jp/kawabouStt/ipCamera.do?gamenId=01-0710&cameraId=23010065,https://www.river.go.jp/e/cctv/latest/23010065/camera21007_640_10.jpg?1456460156318,
愛知県,豊橋市,清須排水機場付近,https://www.river.go.jp/kawabouStt/ipCamera.do?gamenId=01-0710&cameraId=23010066,https://www.river.go.jp/e/cctv/latest/23010066/cameraty003_640_10.jpg?1456460169136,
愛知県,豊橋市,前芝付近,https://www.river.go.jp/kawabouStt/ipCamera.do?gamenId=01-0710&cameraId=23010067,https://www.river.go.jp/e/cctv/latest/23010067/camera21002_640_10.jpg?1456460183897,
愛知県,豊橋市,放水路河口付近,https://www.river.go.jp/kawabouStt/ipCamera.do?gamenId=01-0710&cameraId=23010068,https://www.river.go.jp/e/cctv/latest/23010068/camera21001_640_10.jpg?1456460276973,
愛知県,岡崎市,葵大橋付近,https://www.river.go.jp/kawabouStt/ipCamera.do?gamenId=01-0710&cameraId=23010011,https://www.river.go.jp/e/cctv/latest/23010011/camera21059_640_10.jpg?1456460430330,
愛知県,岡崎市,東名矢作川橋付近,https://www.river.go.jp/kawabouStt/ipCamera.do?gamenId=01-0710&cameraId=23010012,https://www.river.go.jp/e/cctv/latest/23010012/camera21058_640_10.jpg?1456460448002,
愛知県,岡崎市,天神橋付近,https://www.river.go.jp/kawabouStt/ipCamera.do?gamenId=01-0710&cameraId=23010013,https://www.river.go.jp/e/cctv/latest/23010013/camera21057_640_10.jpg?1456460468362,
愛知県,岡崎市,愛環矢作川橋付近,https://www.river.go.jp/kawabouStt/ipCamera.do?gamenId=01-0710&cameraId=23010014,https://www.river.go.jp/e/cctv/latest/23010014/camera21056_640_10.jpg?1456460475630,
愛知県,岡崎市,岡崎大橋付近,https://www.river.go.jp/kawabouStt/ipCamera.do?gamenId=01-0710&cameraId=23010015,https://www.river.go.jp/e/cctv/latest/23010015/camera21055_640_10.jpg?1456460488814,
愛知県,岡崎市,日名橋付近,https://www.river.go.jp/kawabouStt/ipCamera.do?gamenId=01-0710&cameraId=23010016,https://www.river.go.jp/e/cctv/latest/23010016/camera21054_640_10.jpg?1456460500405,
愛知県,岡崎市,矢作橋付近,https://www.river.go.jp/kawabouStt/ipCamera.do?gamenId=01-0710&cameraId=23010017,https://www.river.go.jp/e/cctv/latest/23010017/camera21053_640_10.jpg?1456460518188,
愛知県,岡崎市,JR東海道本線付近,https://www.river.go.jp/kawabouStt/ipCamera.do?gamenId=01-0710&cameraId=23010018,https://www.river.go.jp/e/cctv/latest/23010018/camera21052_640_10.jpg?1456460553051,
愛知県,岡崎市,美矢井橋付近,https://www.river.go.jp/kawabouStt/ipCamera.do?gamenId=01-0710&cameraId=23010019,https://www.river.go.jp/e/cctv/latest/23010019/camera21051_640_10.jpg?1456460579303,
愛知県,一宮市,138タワー,https://www.river.go.jp/kawabouStt/ipCamera.do?gamenId=01-0710&cameraId=23010008,https://www.river.go.jp/e/cctv/latest/23010008/G0700.jpeg,https://www.river.go.jp/e/cctv/usual/23010008/G0700.jpeg
愛知県,一宮市,起,https://www.river.go.jp/kawabouStt/ipCamera.do?gamenId=01-0710&cameraId=23010009,https://www.river.go.jp/e/cctv/latest/23010009/G0503.jpeg,https://www.river.go.jp/e/cctv/usual/23010009/G0503.jpeg
愛知県,春日井市,内津川合流部,https://www.river.go.jp/kawabouStt/ipCamera.do?gamenId=01-0710&cameraId=23010020,https://www.river.go.jp/e/cctv/latest/23010020/cctv0121640.jpg,https://www.river.go.jp/e/cctv/usual/23010020/cctv0121320.jpg
愛知県,春日井市,東名阪下流,https://www.river.go.jp/kawabouStt/ipCamera.do?gamenId=01-0710&cameraId=23010021,https://www.river.go.jp/e/cctv/latest/23010021/cctv0120640.jpg,https://www.river.go.jp/e/cctv/usual/23010021/cctv0120320.jpg
愛知県,春日井市,勝川橋上流,https://www.river.go.jp/kawabouStt/ipCamera.do?gamenId=01-0710&cameraId=23010022,https://www.river.go.jp/e/cctv/latest/23010022/cctv0119640.jpg,https://www.river.go.jp/e/cctv/usual/23010022/cctv0119320.jpg
愛知県,豊川市,清水川樋門付近,https://www.river.go.jp/kawabouStt/ipCamera.do?gamenId=01-0710&cameraId=23010034,https://www.river.go.jp/e/cctv/latest/23010034/camera21027_640_50.jpg?1456459256487,
愛知県,豊川市,シャラ川樋管付近,https://www.river.go.jp/kawabouStt/ipCamera.do?gamenId=01-0710&cameraId=23010035,https://www.river.go.jp/e/cctv/latest/23010035/camera21026_640_50.jpg?1456459291840,
愛知県,豊川市,江島橋付近,https://www.river.go.jp/kawabouStt/ipCamera.do?gamenId=01-0710&cameraId=23010036,https://www.river.go.jp/e/cctv/latest/23010036/camera21025_640_00.jpg?1456459548635,
愛知県,豊川市,金沢霞付近,https://www.river.go.jp/kawabouStt/ipCamera.do?gamenId=01-0710&cameraId=23010037,https://www.river.go.jp/e/cctv/latest/23010037/camera21024_640_00.jpg?1456459565994,
愛知県,豊川市,東名豊川橋付近,https://www.river.go.jp/kawabouStt/ipCamera.do?gamenId=01-0710&cameraId=23010038,https://www.river.go.jp/e/cctv/latest/23010038/camera21023_640_00.jpg?1456459576817,
愛知県,豊川市,二葉樋門付近,https://www.river.go.jp/kawabouStt/ipCamera.do?gamenId=01-0710&cameraId=23010039,https://www.river.go.jp/e/cctv/latest/23010039/camera21022_640_00.jpg?1456459588560,
愛知県,豊川市,賀茂霞付近,https://www.river.go.jp/kawabouStt/ipCamera.do?gamenId=01-0710&cameraId=23010040,https://www.river.go.jp/e/cctv/latest/23010040/camera21021_640_00.jpg?1456459606911,
愛知県,豊川市,三上橋付近,https://www.river.go.jp/kawabouStt/ipCamera.do?gamenId=01-0710&cameraId=23010041,https://www.river.go.jp/e/cctv/latest/23010041/camera21020_640_00.jpg?1456459618335,
愛知県,豊川市,当古橋付近,https://www.river.go.jp/kawabouStt/ipCamera.do?gamenId=01-0710&cameraId=23010042,https://www.river.go.jp/e/cctv/latest/23010042/camera21019_640_00.jpg?1456459629214,
愛知県,豊川市,古川排水機場 屋上付近,https://www.river.go.jp/kawabouStt/ipCamera.do?gamenId=01-0710&cameraId=23010043,https://www.river.go.jp/e/cctv/latest/23010043/camera21017_640_00.jpg?1456459640703,
愛知県,豊川市,金沢霞堤内,https://www.river.go.jp/kawabouStt/ipCamera.do?gamenId=01-0710&cameraId=23010099,https://www.river.go.jp/e/cctv/latest/23010099/cameraty008_640_10.jpg,
愛知県,豊川市,権現山,https://www.river.go.jp/kawabouStt/ipCamera.do?gamenId=01-0710&cameraId=23010100,https://www.river.go.jp/e/cctv/latest/23010100/cameraty007_640_10.jpg,
愛知県,豊川市,放水路上流付近,https://www.river.go.jp/kawabouStt/ipCamera.do?gamenId=01-0710&cameraId=23010044,https://www.river.go.jp/e/cctv/latest/23010044/camera21006_640_00.jpg?1456459806254,
愛知県,豊川市,放水路下流付近,https://www.river.go.jp/kawabouStt/ipCamera.do?gamenId=01-0710&cameraId=23010045,https://www.river.go.jp/e/cctv/latest/23010045/camera21004_640_00.jpg?1456459826333,
愛知県,豊川市,正岡付近,https://www.river.go.jp/kawabouStt/ipCamera.do?gamenId=01-0710&cameraId=23010046,https://www.river.go.jp/e/cctv/latest/23010046/camera21003_640_00.jpg?1456459865498,
愛知県,豊川市,篠束橋付近,https://www.river.go.jp/kawabouStt/ipCamera.do?gamenId=01-0710&cameraId=23010047,https://www.river.go.jp/e/cctv/latest/23010047/cameraty004_640_00.jpg?1456459898722,
愛知県,豊川市,小坂井排水機場付近,https://www.river.go.jp/kawabouStt/ipCamera.do?gamenId=01-0710&cameraId=23010048,https://www.river.go.jp/e/cctv/latest/23010048/camera21066_640_10.jpg?1456460147245,
愛知県,豊川市,JR飯田線,https://www.river.go.jp/kawabouStt/ipCamera.do?gamenId=01-0710&cameraId=23010101,https://www.river.go.jp/e/cctv/latest/23010101/camera21067_640_10.jpg,
愛知県,碧南市,上塚橋付近,https://www.river.go.jp/kawabouStt/ipCamera.do?gamenId=01-0710&cameraId=23010092,https://www.river.go.jp/e/cctv/latest/23010092/camera21044_640_20.jpg?1456460753556,
愛知県,碧南市,棚尾橋付近,https://www.river.go.jp/kawabouStt/ipCamera.do?gamenId=01-0710&cameraId=23010093,https://www.river.go.jp/e/cctv/latest/23010093/camera21042_640_20.jpg?1456460767211,
愛知県,碧南市,矢作川河口付近,https://www.river.go.jp/kawabouStt/ipCamera.do?gamenId=01-0710&cameraId=23010094,https://www.river.go.jp/e/cctv/latest/23010094/camera21041_640_20.jpg?1456460774023,
愛知県,豊田市,奥矢作橋下,https://www.river.go.jp/kawabouStt/ipCamera.do?gamenId=01-0710&cameraId=21010061,https://www.river.go.jp/e/cctv/latest/21010061/camera33203_640_50.jpg,
愛知県,豊田市,矢作ダム上流,https://www.river.go.jp/kawabouStt/ipCamera.do?gamenId=01-0710&cameraId=21010062,https://www.river.go.jp/e/cctv/latest/21010062/camera33201_640_50.jpg,
愛知県,豊田市,篭川合流付近,https://www.river.go.jp/kawabouStt/ipCamera.do?gamenId=01-0710&cameraId=23010049,https://www.river.go.jp/e/cctv/latest/23010049/camera21065_640_10.jpg?1456460307603,
愛知県,豊田市,高橋付近,https://www.river.go.jp/kawabouStt/ipCamera.do?gamenId=01-0710&cameraId=23010050,https://www.river.go.jp/e/cctv/latest/23010050/camera21064_640_10.jpg?1456460318159,
愛知県,豊田市,久澄橋付近,https://www.river.go.jp/kawabouStt/ipCamera.do?gamenId=01-0710&cameraId=23010051,https://www.river.go.jp/e/cctv/latest/23010051/camera21063_640_10.jpg?1456460333027,
愛知県,豊田市,加茂川水門付近,https://www.river.go.jp/kawabouStt/ipCamera.do?gamenId=01-0710&cameraId=23010052,https://www.river.go.jp/e/cctv/latest/23010052/camera21062_640_10.jpg?1456460361678,
愛知県,豊田市,竜宮橋付近,https://www.river.go.jp/kawabouStt/ipCamera.do?gamenId=01-0710&cameraId=23010053,https://www.river.go.jp/e/cctv/latest/23010053/camera21061_640_10.jpg,
愛知県,豊田市,明治頭首工付近,https://www.river.go.jp/kawabouStt/ipCamera.do?gamenId=01-0710&cameraId=23010054,https://www.river.go.jp/e/cctv/latest/23010054/camera21060_640_10.jpg?1456460407558,
愛知県,豊田市,平戸橋下,https://www.river.go.jp/kawabouStt/ipCamera.do?gamenId=01-0710&cameraId=23010102,https://www.river.go.jp/e/cctv/latest/23010102/camera33211_640_50.jpg,
愛知県,豊田市,広海橋下,https://www.river.go.jp/kawabouStt/ipCamera.do?gamenId=01-0710&cameraId=23010103,https://www.river.go.jp/e/cctv/latest/23010103/camera33212_640_50.jpg,
愛知県,豊田市,阿摺ダム,https://www.river.go.jp/kawabouStt/ipCamera.do?gamenId=01-0710&cameraId=23010104,https://www.river.go.jp/e/cctv/latest/23010104/camera33210_640_50.jpg,
愛知県,豊田市,加茂橋下,https://www.river.go.jp/kawabouStt/ipCamera.do?gamenId=01-0710&cameraId=23010105,https://www.river.go.jp/e/cctv/latest/23010105/camera33209_640_50.jpg,
愛知県,豊田市,上川口やな,https://www.river.go.jp/kawabouStt/ipCamera.do?gamenId=01-0710&cameraId=23010106,https://www.river.go.jp/e/cctv/latest/23010106/camera33208_640_50.jpg,
愛知県,豊田市,笹戸橋下,https://www.river.go.jp/kawabouStt/ipCamera.do?gamenId=01-0710&cameraId=23010107,https://www.river.go.jp/e/cctv/latest/23010107/camera33207_640_50.jpg,
愛知県,豊田市,有平橋下,https://www.river.go.jp/kawabouStt/ipCamera.do?gamenId=01-0710&cameraId=23010108,https://www.river.go.jp/e/cctv/latest/23010108/camera33206_640_50.jpg,
愛知県,豊田市,日の出橋,https://www.river.go.jp/kawabouStt/ipCamera.do?gamenId=01-0710&cameraId=23010109,https://www.river.go.jp/e/cctv/latest/23010109/camera33205_640_50.jpg,
愛知県,豊田市,時瀬河川敷公園,https://www.river.go.jp/kawabouStt/ipCamera.do?gamenId=01-0710&cameraId=23010110,https://www.river.go.jp/e/cctv/latest/23010110/camera33204_640_50.jpg,
愛知県,豊田市,矢作ダム下流,https://www.river.go.jp/kawabouStt/ipCamera.do?gamenId=01-0710&cameraId=23010111,https://www.river.go.jp/e/cctv/latest/23010111/camera33202_640_50.jpg,
愛知県,安城市,東海道新幹線高架付近,https://www.river.go.jp/kawabouStt/ipCamera.do?gamenId=01-0710&cameraId=23010004,https://www.river.go.jp/e/cctv/latest/23010004/camera21050_640_10.jpg?1456460591263,
愛知県,安城市,安城市水防監視所付近,https://www.river.go.jp/kawabouStt/ipCamera.do?gamenId=01-0710&cameraId=23010005,https://www.river.go.jp/e/cctv/latest/23010005/camera21049_640_20.jpg?1456460622933,
愛知県,安城市,志貴野橋付近,https://www.river.go.jp/kawabouStt/ipCamera.do?gamenId=01-0710&cameraId=23010006,https://www.river.go.jp/e/cctv/latest/23010006/camera21047_640_20.jpg?1456460638253,
愛知県,安城市,安城市出張所付近,https://www.river.go.jp/kawabouStt/ipCamera.do?gamenId=01-0710&cameraId=23010007,https://www.river.go.jp/e/cctv/latest/23010007/camera21046_640_20.jpg?1456460644757,
愛知県,安城市,新鹿乗川排水機場,https://www.river.go.jp/kawabouStt/ipCamera.do?gamenId=01-0710&cameraId=23010096,https://www.river.go.jp/e/cctv/latest/23010096/camera21048_640_30.jpg,
愛知県,西尾市,米津水位観測所付近,https://www.river.go.jp/kawabouStt/ipCamera.do?gamenId=01-0710&cameraId=23010090,https://www.river.go.jp/e/cctv/latest/23010090/camera21045_640_20.jpg?1456460742673,
愛知県,西尾市,中畑橋付近,https://www.river.go.jp/kawabouStt/ipCamera.do?gamenId=01-0710&cameraId=23010091,https://www.river.go.jp/e/cctv/latest/23010091/camera21043_640_20.jpg?1456460760483,
愛知県,西尾市,新鹿乗川排水機場,https://www.river.go.jp/kawabouStt/ipCamera.do?gamenId=01-0710&cameraId=23010096,https://www.river.go.jp/e/cctv/latest/23010096/camera21048_640_30.jpg,
愛知県,犬山市,犬山,https://www.river.go.jp/kawabouStt/ipCamera.do?gamenId=01-0710&cameraId=23010010,https://www.river.go.jp/e/cctv/latest/23010010/G0701.jpeg,https://www.river.go.jp/e/cctv/usual/23010010/G0701.jpeg
愛知県,江南市,すいとぴあ江南,https://www.river.go.jp/kawabouStt/ipCamera.do?gamenId=01-0710&cameraId=23010025,https://www.river.go.jp/e/cctv/latest/23010025/G0606.jpeg,https://www.river.go.jp/e/cctv/usual/23010025/G0606.jpeg
愛知県,新城市,横川堰堤付近,https://www.river.go.jp/kawabouStt/ipCamera.do?gamenId=01-0710&cameraId=23010026,https://www.river.go.jp/e/cctv/latest/23010026/camera21038_640_50.jpg?1456458875405,
愛知県,新城市,長楽橋上流付近,https://www.river.go.jp/kawabouStt/ipCamera.do?gamenId=01-0710&cameraId=23010027,https://www.river.go.jp/e/cctv/latest/23010027/camera21037_640_50.jpg?1456458901530,
愛知県,新城市,長楽観測所付近,https://www.river.go.jp/kawabouStt/ipCamera.do?gamenId=01-0710&cameraId=23010028,https://www.river.go.jp/e/cctv/latest/23010028/camera21034_640_50.jpg?1456458910944,
愛知県,新城市,牛渕橋付近,https://www.river.go.jp/kawabouStt/ipCamera.do?gamenId=01-0710&cameraId=23010029,https://www.river.go.jp/e/cctv/latest/23010029/camera21033_640_50.jpg?1456458925332,
愛知県,新城市,新城橋付近,https://www.river.go.jp/kawabouStt/ipCamera.do?gamenId=01-0710&cameraId=23010030,https://www.river.go.jp/e/cctv/latest/23010030/camera21032_640_50.jpg?1456458971200,
愛知県,新城市,牟呂松原頭首工上流付近,https://www.river.go.jp/kawabouStt/ipCamera.do?gamenId=01-0710&cameraId=23010031,https://www.river.go.jp/e/cctv/latest/23010031/camera21031_640_50.jpg?1456459002080,
愛知県,新城市,牟呂松原頭首工下流付近,https://www.river.go.jp/kawabouStt/ipCamera.do?gamenId=01-0710&cameraId=23010032,https://www.river.go.jp/e/cctv/latest/23010032/camera21030_640_50.jpg?1456459012595,
愛知県,新城市,殿田川樋門付近,https://www.river.go.jp/kawabouStt/ipCamera.do?gamenId=01-0710&cameraId=23010033,https://www.river.go.jp/e/cctv/latest/23010033/camera21029_640_50.jpg,
愛知県,新城市,大野頭首工下流,https://www.river.go.jp/kawabouStt/ipCamera.do?gamenId=01-0710&cameraId=23010097,https://www.river.go.jp/e/cctv/latest/23010097/camera21039_640_10.jpg,
愛知県,愛西市,東海大橋（左岸）,https://www.river.go.jp/kawabouStt/ipCamera.do?gamenId=01-0710&cameraId=23010003,https://www.river.go.jp/e/cctv/latest/23010003/C00096.jpg,https://www.river.go.jp/e/cctv/usual/23010003/11.jpg
愛知県,清須市,枇杷島水位観測所,https://www.river.go.jp/kawabouStt/ipCamera.do?gamenId=01-0710&cameraId=23010002,https://www.river.go.jp/e/cctv/latest/23010002/cctv0113640.jpg,https://www.river.go.jp/e/cctv/usual/23010002/cctv0113320.jpg
愛知県,清須市,庄内川水防センター,https://www.river.go.jp/kawabouStt/ipCamera.do?gamenId=01-0710&cameraId=23010023,https://www.river.go.jp/e/cctv/latest/23010023/cctv0136640.jpg,https://www.river.go.jp/e/cctv/usual/23010023/cctv0136320.jpg
愛知県,清須市,枇杷島橋緑地,https://www.river.go.jp/kawabouStt/ipCamera.do?gamenId=01-0710&cameraId=23010024,https://www.river.go.jp/e/cctv/latest/23010024/cctv0110640.jpg,https://www.river.go.jp/e/cctv/usual/23010024/cctv0110320.jpg
愛知県,北設楽郡東栄町,琴瀬山,https://www.river.go.jp/kawabouStt/ipCamera.do?gamenId=01-0710&cameraId=21824050,https://www.river.go.jp/e/cctv/latest/21824050/PCK0059L.jpg,https://www.river.go.jp/e/cctv/usual/21824050/21824050.jpg
愛知県,北設楽郡東栄町,熊井戸,https://www.river.go.jp/kawabouStt/ipCamera.do?gamenId=01-0710&cameraId=21824056,https://www.river.go.jp/e/cctv/latest/21824056/PCK0058L.jpg,https://www.river.go.jp/e/cctv/usual/21824056/21824056.jpg
愛知県,北設楽郡豊根村,新豊根ダム左岸下流,https://www.river.go.jp/kawabouStt/ipCamera.do?gamenId=01-0710&cameraId=21824047,https://www.river.go.jp/e/cctv/latest/21824047/PCK0060L.jpg,https://www.river.go.jp/e/cctv/usual/21824047/21824047.jpg
愛知県,北設楽郡豊根村,新豊根ダム右岸下流,https://www.river.go.jp/kawabouStt/ipCamera.do?gamenId=01-0710&cameraId=21824048,https://www.river.go.jp/e/cctv/latest/21824048/PCK0061L.jpg,https://www.river.go.jp/e/cctv/usual/21824048/21824048.jpg
愛知県,北設楽郡豊根村,新豊根ダム上流,https://www.river.go.jp/kawabouStt/ipCamera.do?gamenId=01-0710&cameraId=21824049,https://www.river.go.jp/e/cctv/latest/21824049/PCK0062L.jpg,https://www.river.go.jp/e/cctv/usual/21824049/21824049.jpg
愛知県,北設楽郡豊根村,貯砂ダム,https://www.river.go.jp/kawabouStt/ipCamera.do?gamenId=01-0710&cameraId=21824053,https://www.river.go.jp/e/cctv/latest/21824053/PCK0064L.jpg,https://www.river.go.jp/e/cctv/usual/21824053/21824053.jpg
愛知県,北設楽郡豊根村,川合水位局,https://www.river.go.jp/kawabouStt/ipCamera.do?gamenId=01-0710&cameraId=21824058,https://www.river.go.jp/e/cctv/latest/21824058/PCK0066L.jpg,https://www.river.go.jp/e/cctv/usual/21824058/21824058.jpg
愛知県,北設楽郡豊根村,古真立,https://www.river.go.jp/kawabouStt/ipCamera.do?gamenId=01-0710&cameraId=21824054,https://www.river.go.jp/e/cctv/latest/21824054/PCK0063L.jpg,https://www.river.go.jp/e/cctv/usual/21824054/21824054.jpg
愛知県,北設楽郡豊根村,大立水位局,https://www.river.go.jp/kawabouStt/ipCamera.do?gamenId=01-0710&cameraId=21824057,https://www.river.go.jp/e/cctv/latest/21824057/PCK0065L.jpg,https://www.river.go.jp/e/cctv/usual/21824057/21824057.jpg
三重県,津市,大仰水位観測所,https://www.river.go.jp/kawabouStt/ipCamera.do?gamenId=01-0710&cameraId=24010020,https://www.river.go.jp/e/cctv/latest/24010020/kumozugawa001.jpg,https://www.river.go.jp/e/cctv/usual/24010020/kumozu19_001.jpg
三重県,津市,石橋,https://www.river.go.jp/kawabouStt/ipCamera.do?gamenId=01-0710&cameraId=24010049,https://www.river.go.jp/e/cctv/latest/24010049/kumozugawa034.jpg,https://www.river.go.jp/e/cctv/usual/24010049/kumozu18_034.jpg
三重県,津市,庄田町,https://www.river.go.jp/kawabouStt/ipCamera.do?gamenId=01-0710&cameraId=24010050,https://www.river.go.jp/e/cctv/latest/24010050/kumozugawa027.jpg,https://www.river.go.jp/e/cctv/usual/24010050/kumozu17_027.jpg
三重県,津市,一志町高野,https://www.river.go.jp/kawabouStt/ipCamera.do?gamenId=01-0710&cameraId=24010051,https://www.river.go.jp/e/cctv/latest/24010051/kumozugawa028.jpg,https://www.river.go.jp/e/cctv/usual/24010051/kumozu16_028.jpg
三重県,津市,一志町庄村,https://www.river.go.jp/kawabouStt/ipCamera.do?gamenId=01-0710&cameraId=24010052,https://www.river.go.jp/e/cctv/latest/24010052/kumozugawa029.jpg,https://www.river.go.jp/e/cctv/usual/24010052/kumozu15_029.jpg
三重県,津市,小戸木橋,https://www.river.go.jp/kawabouStt/ipCamera.do?gamenId=01-0710&cameraId=24010053,https://www.river.go.jp/e/cctv/latest/24010053/kumozugawa002.jpg,https://www.river.go.jp/e/cctv/usual/24010053/kumozu14_002.jpg
三重県,津市,小戸木町,https://www.river.go.jp/kawabouStt/ipCamera.do?gamenId=01-0710&cameraId=24010054,https://www.river.go.jp/e/cctv/latest/24010054/kumozugawa030.jpg,https://www.river.go.jp/e/cctv/usual/24010054/kumozu13_030.jpg
三重県,津市,須賀瀬橋,https://www.river.go.jp/kawabouStt/ipCamera.do?gamenId=01-0710&cameraId=24010021,https://www.river.go.jp/e/cctv/latest/24010021/kumozugawa004.jpg,https://www.river.go.jp/e/cctv/usual/24010021/kumozu12_004.jpg
三重県,津市,牧町,https://www.river.go.jp/kawabouStt/ipCamera.do?gamenId=01-0710&cameraId=24010055,https://www.river.go.jp/e/cctv/latest/24010055/kumozugawa031.jpg,https://www.river.go.jp/e/cctv/usual/24010055/kumozu11_031.jpg
三重県,津市,須ヶ瀬町,https://www.river.go.jp/kawabouStt/ipCamera.do?gamenId=01-0710&cameraId=24010056,https://www.river.go.jp/e/cctv/latest/24010056/kumozugawa032.jpg,https://www.river.go.jp/e/cctv/usual/24010056/kumozu10_032.jpg
三重県,津市,近鉄名古屋線橋梁,https://www.river.go.jp/kawabouStt/ipCamera.do?gamenId=01-0710&cameraId=24010022,https://www.river.go.jp/e/cctv/latest/24010022/kumozugawa005.jpg,https://www.river.go.jp/e/cctv/usual/24010022/kumozu09_005.jpg
三重県,津市,大正橋,https://www.river.go.jp/kawabouStt/ipCamera.do?gamenId=01-0710&cameraId=24010057,https://www.river.go.jp/e/cctv/latest/24010057/kumozugawa006.jpg,https://www.river.go.jp/e/cctv/usual/24010057/kumozu08_006.jpg
三重県,津市,前田川排水ひ門,https://www.river.go.jp/kawabouStt/ipCamera.do?gamenId=01-0710&cameraId=24010060,https://www.river.go.jp/e/cctv/latest/24010060/kumozugawa009.jpg,https://www.river.go.jp/e/cctv/usual/24010060/kumozu05_009.jpg
三重県,津市,雲出橋　下流,https://www.river.go.jp/kawabouStt/ipCamera.do?gamenId=01-0710&cameraId=24010061,https://www.river.go.jp/e/cctv/latest/24010061/kumozugawa010.jpg,https://www.river.go.jp/e/cctv/usual/24010061/kumozu04_010.jpg
三重県,津市,雲出川防災ステーション,https://www.river.go.jp/kawabouStt/ipCamera.do?gamenId=01-0710&cameraId=24010064,https://www.river.go.jp/e/cctv/latest/24010064/kumozugawa024.jpg,https://www.river.go.jp/e/cctv/usual/24010064/kumozu22_024.jpg
三重県,津市,津香良洲大橋,https://www.river.go.jp/kawabouStt/ipCamera.do?gamenId=01-0710&cameraId=24010065,https://www.river.go.jp/e/cctv/latest/24010065/kumozugawa026.jpg,https://www.river.go.jp/e/cctv/usual/24010065/kumozu21_026.jpg
三重県,津市,雲出古川河口部,https://www.river.go.jp/kawabouStt/ipCamera.do?gamenId=01-0710&cameraId=24010066,https://www.river.go.jp/e/cctv/latest/24010066/kumozugawa025.jpg,https://www.river.go.jp/e/cctv/usual/24010066/kumozu20_025.jpg
三重県,津市,下川原水位観測所,https://www.river.go.jp/kawabouStt/ipCamera.do?gamenId=01-0710&cameraId=24010002,https://www.river.go.jp/e/cctv/latest/24010002/kumozugawa014.jpg,https://www.river.go.jp/e/cctv/usual/24010002/kumozu33_014.jpg
三重県,津市,一志団地,https://www.river.go.jp/kawabouStt/ipCamera.do?gamenId=01-0710&cameraId=24010072,https://www.river.go.jp/e/cctv/latest/24010072/kumozugawa015.jpg,https://www.river.go.jp/e/cctv/usual/24010072/kumozu32_015.jpg
三重県,津市,八太新橋,https://www.river.go.jp/kawabouStt/ipCamera.do?gamenId=01-0710&cameraId=24010073,https://www.river.go.jp/e/cctv/latest/24010073/kumozugawa016.jpg,https://www.river.go.jp/e/cctv/usual/24010073/kumozu31_016.jpg
三重県,津市,其村,https://www.river.go.jp/kawabouStt/ipCamera.do?gamenId=01-0710&cameraId=24010074,https://www.river.go.jp/e/cctv/latest/24010074/kumozugawa033.jpg,https://www.river.go.jp/e/cctv/usual/24010074/kumozu30_033.jpg
三重県,津市,波瀬川合流点,https://www.river.go.jp/kawabouStt/ipCamera.do?gamenId=01-0710&cameraId=24010075,https://www.river.go.jp/e/cctv/latest/24010075/kumozugawa017.jpg,https://www.river.go.jp/e/cctv/usual/24010075/kumozu29_017.jpg
三重県,四日市市,鈴鹿川出張所鉄塔,https://www.river.go.jp/kawabouStt/ipCamera.do?gamenId=01-0710&cameraId=24010038,https://www.river.go.jp/e/cctv/latest/24010038/suzuka006.jpg,https://www.river.go.jp/e/cctv/usual/24010038/suzuka06_006.jpg
三重県,四日市市,鈴鹿大橋,https://www.river.go.jp/kawabouStt/ipCamera.do?gamenId=01-0710&cameraId=24010028,https://www.river.go.jp/e/cctv/latest/24010028/suzuka007.jpg,https://www.river.go.jp/e/cctv/usual/24010028/suzuka05_007.jpg
三重県,四日市市,本郷橋,https://www.river.go.jp/kawabouStt/ipCamera.do?gamenId=01-0710&cameraId=24010039,https://www.river.go.jp/e/cctv/latest/24010039/suzuka008.jpg,https://www.river.go.jp/e/cctv/usual/24010039/suzuka04_008.jpg
三重県,四日市市,内部川合流点,https://www.river.go.jp/kawabouStt/ipCamera.do?gamenId=01-0710&cameraId=24010040,https://www.river.go.jp/e/cctv/latest/24010040/suzuka015.jpg,https://www.river.go.jp/e/cctv/usual/24010040/suzuka03_015.jpg
三重県,四日市市,磯津橋,https://www.river.go.jp/kawabouStt/ipCamera.do?gamenId=01-0710&cameraId=24010041,https://www.river.go.jp/e/cctv/latest/24010041/suzuka014.jpg,https://www.river.go.jp/e/cctv/usual/24010041/suzuka02_014.jpg
三重県,四日市市,鈴鹿川河口部,https://www.river.go.jp/kawabouStt/ipCamera.do?gamenId=01-0710&cameraId=24010042,https://www.river.go.jp/e/cctv/latest/24010042/suzuka025.jpg,https://www.river.go.jp/e/cctv/usual/24010042/suzuka01_013.jpg
三重県,四日市市,南川水位観測所,https://www.river.go.jp/kawabouStt/ipCamera.do?gamenId=01-0710&cameraId=24010029,https://www.river.go.jp/e/cctv/latest/24010029/suzuka016.jpg,https://www.river.go.jp/e/cctv/usual/24010029/suzuka21_016.jpg
三重県,四日市市,五味塚橋,https://www.river.go.jp/kawabouStt/ipCamera.do?gamenId=01-0710&cameraId=24010043,https://www.river.go.jp/e/cctv/latest/24010043/suzuka017.jpg,https://www.river.go.jp/e/cctv/usual/24010043/suzuka20_017.jpg
三重県,四日市市,新五味塚橋,https://www.river.go.jp/kawabouStt/ipCamera.do?gamenId=01-0710&cameraId=24010044,https://www.river.go.jp/e/cctv/latest/24010044/suzuka018.jpg,https://www.river.go.jp/e/cctv/usual/24010044/suzuka19_018.jpg
三重県,四日市市,鈴鹿川派川河口部,https://www.river.go.jp/kawabouStt/ipCamera.do?gamenId=01-0710&cameraId=24010045,https://www.river.go.jp/e/cctv/latest/24010045/suzuka013.jpg,https://www.river.go.jp/e/cctv/usual/24010045/suzuka18_025.jpg
三重県,四日市市,内部橋,https://www.river.go.jp/kawabouStt/ipCamera.do?gamenId=01-0710&cameraId=24010046,https://www.river.go.jp/e/cctv/latest/24010046/suzuka024.jpg,https://www.river.go.jp/e/cctv/usual/24010046/suzuka24_024.jpg
三重県,四日市市,河原田水位観測所,https://www.river.go.jp/kawabouStt/ipCamera.do?gamenId=01-0710&cameraId=24010047,https://www.river.go.jp/e/cctv/latest/24010047/suzuka020.jpg,https://www.river.go.jp/e/cctv/usual/24010047/suzuka23_020.jpg
三重県,四日市市,ＪＲ関西本線内部川橋梁,https://www.river.go.jp/kawabouStt/ipCamera.do?gamenId=01-0710&cameraId=24010048,https://www.river.go.jp/e/cctv/latest/24010048/suzuka021.jpg,https://www.river.go.jp/e/cctv/usual/24010048/suzuka22_021.jpg
三重県,伊勢市,小田古川排水樋門,https://www.river.go.jp/kawabouStt/ipCamera.do?gamenId=01-0710&cameraId=24010089,https://www.river.go.jp/e/cctv/latest/24010089/miyagawa040.jpg,https://www.river.go.jp/e/cctv/usual/24010089/miya13_040.jpg
三重県,伊勢市,伊勢市上水道宮川水管橋,https://www.river.go.jp/kawabouStt/ipCamera.do?gamenId=01-0710&cameraId=24010090,https://www.river.go.jp/e/cctv/latest/24010090/miyagawa002.jpg,https://www.river.go.jp/e/cctv/usual/24010090/miya12_002.jpg
三重県,伊勢市,辻久留４号排水樋管,https://www.river.go.jp/kawabouStt/ipCamera.do?gamenId=01-0710&cameraId=24010091,https://www.river.go.jp/e/cctv/latest/24010091/miyagawa039.jpg,https://www.river.go.jp/e/cctv/usual/24010091/miya11_039.jpg
三重県,伊勢市,度会橋水質観測所,https://www.river.go.jp/kawabouStt/ipCamera.do?gamenId=01-0710&cameraId=24010092,https://www.river.go.jp/e/cctv/latest/24010092/miyagawa038.jpg,https://www.river.go.jp/e/cctv/usual/24010092/miya10_038.jpg
三重県,伊勢市,度会橋水位観測所,https://www.river.go.jp/kawabouStt/ipCamera.do?gamenId=01-0710&cameraId=24010007,https://www.river.go.jp/e/cctv/latest/24010007/miyagawa003.jpg,https://www.river.go.jp/e/cctv/usual/24010007/miya09_003.jpg
三重県,伊勢市,宮川橋,https://www.river.go.jp/kawabouStt/ipCamera.do?gamenId=01-0710&cameraId=24010093,https://www.river.go.jp/e/cctv/latest/24010093/miyagawa046.jpg,https://www.river.go.jp/e/cctv/usual/24010093/miya08_046.jpg
三重県,伊勢市,JR宮川橋梁,https://www.river.go.jp/kawabouStt/ipCamera.do?gamenId=01-0710&cameraId=24010094,https://www.river.go.jp/e/cctv/latest/24010094/miyagawa004.jpg,https://www.river.go.jp/e/cctv/usual/24010094/miya07_004.jpg
三重県,伊勢市,近鉄宮川橋梁,https://www.river.go.jp/kawabouStt/ipCamera.do?gamenId=01-0710&cameraId=24010008,https://www.river.go.jp/e/cctv/latest/24010008/miyagawa005.jpg,https://www.river.go.jp/e/cctv/usual/24010008/miya06_005.jpg
三重県,伊勢市,宮川大橋,https://www.river.go.jp/kawabouStt/ipCamera.do?gamenId=01-0710&cameraId=24010009,https://www.river.go.jp/e/cctv/latest/24010009/miyagawa006.jpg,https://www.river.go.jp/e/cctv/usual/24010009/miya05_006.jpg
三重県,伊勢市,桜づつみ,https://www.river.go.jp/kawabouStt/ipCamera.do?gamenId=01-0710&cameraId=24010095,https://www.river.go.jp/e/cctv/latest/24010095/miyagawa007.jpg,https://www.river.go.jp/e/cctv/usual/24010095/miya04_007.jpg
三重県,伊勢市,東豊浜町,https://www.river.go.jp/kawabouStt/ipCamera.do?gamenId=01-0710&cameraId=24010096,https://www.river.go.jp/e/cctv/latest/24010096/miyagawa037.jpg,https://www.river.go.jp/e/cctv/usual/24010096/miya03_037.jpg
三重県,伊勢市,宮川河口部（左岸）,https://www.river.go.jp/kawabouStt/ipCamera.do?gamenId=01-0710&cameraId=24010097,https://www.river.go.jp/e/cctv/latest/24010097/miyagawa009.jpg,https://www.river.go.jp/e/cctv/usual/24010097/miya02_009.jpg
三重県,伊勢市,宮川河口部（右岸）,https://www.river.go.jp/kawabouStt/ipCamera.do?gamenId=01-0710&cameraId=24010098,https://www.river.go.jp/e/cctv/latest/24010098/miyagawa010.jpg,https://www.river.go.jp/e/cctv/usual/24010098/miya01_010.jpg
三重県,伊勢市,浜田排水ひ管,https://www.river.go.jp/kawabouStt/ipCamera.do?gamenId=01-0710&cameraId=24010099,https://www.river.go.jp/e/cctv/latest/24010099/miyagawa033.jpg,https://www.river.go.jp/e/cctv/usual/24010099/miya23_033.jpg
三重県,伊勢市,岡本水位観測所,https://www.river.go.jp/kawabouStt/ipCamera.do?gamenId=01-0710&cameraId=24010010,https://www.river.go.jp/e/cctv/latest/24010010/miyagawa011.jpg,https://www.river.go.jp/e/cctv/usual/24010010/miya22_011.jpg
三重県,伊勢市,簀子橋,https://www.river.go.jp/kawabouStt/ipCamera.do?gamenId=01-0710&cameraId=24010100,https://www.river.go.jp/e/cctv/latest/24010100/miyagawa036.jpg,https://www.river.go.jp/e/cctv/usual/24010100/miya21_036.jpg
三重県,伊勢市,ＪＲ勢田川橋梁（桜橋）,https://www.river.go.jp/kawabouStt/ipCamera.do?gamenId=01-0710&cameraId=24010011,https://www.river.go.jp/e/cctv/latest/24010011/miyagawa012.jpg,https://www.river.go.jp/e/cctv/usual/24010011/miya20_012.jpg
三重県,伊勢市,ＪＲ勢田川橋梁（清田橋）,https://www.river.go.jp/kawabouStt/ipCamera.do?gamenId=01-0710&cameraId=24010101,https://www.river.go.jp/e/cctv/latest/24010101/miyagawa013.jpg,https://www.river.go.jp/e/cctv/usual/24010101/miya19_013.jpg
三重県,伊勢市,勢田大橋水位観測所,https://www.river.go.jp/kawabouStt/ipCamera.do?gamenId=01-0710&cameraId=24010012,https://www.river.go.jp/e/cctv/latest/24010012/miyagawa021.jpg,https://www.river.go.jp/e/cctv/usual/24010012/miya18_021.jpg
三重県,伊勢市,勢田川橋,https://www.river.go.jp/kawabouStt/ipCamera.do?gamenId=01-0710&cameraId=24010102,https://www.river.go.jp/e/cctv/latest/24010102/miyagawa035.jpg,https://www.river.go.jp/e/cctv/usual/24010102/miya17_035.jpg
三重県,伊勢市,勢田川防潮水門上流部右岸,https://www.river.go.jp/kawabouStt/ipCamera.do?gamenId=01-0710&cameraId=24010103,https://www.river.go.jp/e/cctv/latest/24010103/miyagawa022.jpg,https://www.river.go.jp/e/cctv/usual/24010103/miya16_022.jpg
三重県,伊勢市,勢田川排水機場　屋上東,https://www.river.go.jp/kawabouStt/ipCamera.do?gamenId=01-0710&cameraId=24010104,https://www.river.go.jp/e/cctv/latest/24010104/miyagawa044.jpg,https://www.river.go.jp/e/cctv/usual/24010104/miya15_044.jpg
三重県,松阪市,新雲出大橋（中勢BP）,https://www.river.go.jp/kawabouStt/ipCamera.do?gamenId=01-0710&cameraId=24010058,https://www.river.go.jp/e/cctv/latest/24010058/kumozugawa007.jpg,https://www.river.go.jp/e/cctv/usual/24010058/kumozu07_007.jpg
三重県,松阪市,舞出観測所,https://www.river.go.jp/kawabouStt/ipCamera.do?gamenId=01-0710&cameraId=24010059,https://www.river.go.jp/e/cctv/latest/24010059/kumozugawa008.jpg,https://www.river.go.jp/e/cctv/usual/24010059/kumozu06_008.jpg
三重県,松阪市,雲出橋水位観測所,https://www.river.go.jp/kawabouStt/ipCamera.do?gamenId=01-0710&cameraId=24010001,https://www.river.go.jp/e/cctv/latest/24010001/kumozugawa011.jpg,https://www.river.go.jp/e/cctv/usual/24010001/kumozu03_011.jpg
三重県,松阪市,雲出古川分流点,https://www.river.go.jp/kawabouStt/ipCamera.do?gamenId=01-0710&cameraId=24010062,https://www.river.go.jp/e/cctv/latest/24010062/kumozugawa012.jpg,https://www.river.go.jp/e/cctv/usual/24010062/kumozu02_012.jpg
三重県,松阪市,雲出川河口部,https://www.river.go.jp/kawabouStt/ipCamera.do?gamenId=01-0710&cameraId=24010063,https://www.river.go.jp/e/cctv/latest/24010063/kumozugawa013.jpg,https://www.river.go.jp/e/cctv/usual/24010063/kumozu01_013.jpg
三重県,松阪市,島田橋水位観測所,https://www.river.go.jp/kawabouStt/ipCamera.do?gamenId=01-0710&cameraId=24010023,https://www.river.go.jp/e/cctv/latest/24010023/kumozugawa018.jpg,https://www.river.go.jp/e/cctv/usual/24010023/kumozu28_018.jpg
三重県,松阪市,一志橋,https://www.river.go.jp/kawabouStt/ipCamera.do?gamenId=01-0710&cameraId=24010067,https://www.river.go.jp/e/cctv/latest/24010067/kumozugawa019.jpg,https://www.river.go.jp/e/cctv/usual/24010067/kumozu27_019.jpg
三重県,松阪市,大谷川水門,https://www.river.go.jp/kawabouStt/ipCamera.do?gamenId=01-0710&cameraId=24010068,https://www.river.go.jp/e/cctv/latest/24010068/kumozugawa020.jpg,https://www.river.go.jp/e/cctv/usual/24010068/kumozu26_020.jpg
三重県,松阪市,ＪＲ中村川橋梁,https://www.river.go.jp/kawabouStt/ipCamera.do?gamenId=01-0710&cameraId=24010069,https://www.river.go.jp/e/cctv/latest/24010069/kumozugawa021.jpg,https://www.river.go.jp/e/cctv/usual/24010069/kumozu25_021.jpg
三重県,松阪市,近鉄大阪線中村川橋梁,https://www.river.go.jp/kawabouStt/ipCamera.do?gamenId=01-0710&cameraId=24010070,https://www.river.go.jp/e/cctv/latest/24010070/kumozugawa022.jpg,https://www.river.go.jp/e/cctv/usual/24010070/kumozu24_022.jpg
三重県,松阪市,中村川合流点,https://www.river.go.jp/kawabouStt/ipCamera.do?gamenId=01-0710&cameraId=24010071,https://www.river.go.jp/e/cctv/latest/24010071/kumozugawa023.jpg,https://www.river.go.jp/e/cctv/usual/24010071/kumozu23_023.jpg
三重県,松阪市,庄第二排水ひ管,https://www.river.go.jp/kawabouStt/ipCamera.do?gamenId=01-0710&cameraId=24010076,https://www.river.go.jp/e/cctv/latest/24010076/kushidagawa036.jpg,https://www.river.go.jp/e/cctv/usual/24010076/kushida14_036.jpg
三重県,松阪市,新両郡橋,https://www.river.go.jp/kawabouStt/ipCamera.do?gamenId=01-0710&cameraId=24010077,https://www.river.go.jp/e/cctv/latest/24010077/kushidagawa002.jpg,https://www.river.go.jp/e/cctv/usual/24010077/kushida12_002.jpg
三重県,松阪市,中万排水ひ管,https://www.river.go.jp/kawabouStt/ipCamera.do?gamenId=01-0710&cameraId=24010078,https://www.river.go.jp/e/cctv/latest/24010078/kushidagawa003.jpg,https://www.river.go.jp/e/cctv/usual/24010078/kushida11_003.jpg
三重県,松阪市,中万第三排水ひ管,https://www.river.go.jp/kawabouStt/ipCamera.do?gamenId=01-0710&cameraId=24010079,https://www.river.go.jp/e/cctv/latest/24010079/kushidagawa004.jpg,https://www.river.go.jp/e/cctv/usual/24010079/kushida10_004.jpg
三重県,松阪市,孫川合流点,https://www.river.go.jp/kawabouStt/ipCamera.do?gamenId=01-0710&cameraId=24010080,https://www.river.go.jp/e/cctv/latest/24010080/kushidagawa005.jpg,https://www.river.go.jp/e/cctv/usual/24010080/kushida09_005.jpg
三重県,松阪市,櫛田可動堰上流左岸,https://www.river.go.jp/kawabouStt/ipCamera.do?gamenId=01-0710&cameraId=24010024,https://www.river.go.jp/e/cctv/latest/24010024/kushidagawa035.jpg,https://www.river.go.jp/e/cctv/usual/24010024/kushida08_035.jpg
三重県,松阪市,櫛田川出張所,https://www.river.go.jp/kawabouStt/ipCamera.do?gamenId=01-0710&cameraId=24010081,https://www.river.go.jp/e/cctv/latest/24010081/kushidagawa011.jpg,https://www.river.go.jp/e/cctv/usual/24010081/kushida07_011.jpg
三重県,松阪市,櫛田橋水位観測所,https://www.river.go.jp/kawabouStt/ipCamera.do?gamenId=01-0710&cameraId=24010025,https://www.river.go.jp/e/cctv/latest/24010025/kushidagawa012.jpg,https://www.river.go.jp/e/cctv/usual/24010025/kushida06_012.jpg
三重県,松阪市,魚見樋管,https://www.river.go.jp/kawabouStt/ipCamera.do?gamenId=01-0710&cameraId=24010082,https://www.river.go.jp/e/cctv/latest/24010082/kushidagawa013.jpg,https://www.river.go.jp/e/cctv/usual/24010082/kushida05_013.jpg
三重県,松阪市,大平橋,https://www.river.go.jp/kawabouStt/ipCamera.do?gamenId=01-0710&cameraId=24010026,https://www.river.go.jp/e/cctv/latest/24010026/kushidagawa016.jpg,https://www.river.go.jp/e/cctv/usual/24010026/kushida04_016.jpg
三重県,松阪市,松阪東大橋,https://www.river.go.jp/kawabouStt/ipCamera.do?gamenId=01-0710&cameraId=24010083,https://www.river.go.jp/e/cctv/latest/24010083/kushidagawa017.jpg,https://www.river.go.jp/e/cctv/usual/24010083/kushida03_017.jpg
三重県,松阪市,松名瀬町,https://www.river.go.jp/kawabouStt/ipCamera.do?gamenId=01-0710&cameraId=24010084,https://www.river.go.jp/e/cctv/latest/24010084/kushidagawa018.jpg,https://www.river.go.jp/e/cctv/usual/24010084/kushida02_018.jpg
三重県,松阪市,櫛田川河口,https://www.river.go.jp/kawabouStt/ipCamera.do?gamenId=01-0710&cameraId=24010027,https://www.river.go.jp/e/cctv/latest/24010027/kushidagawa019.jpg,https://www.river.go.jp/e/cctv/usual/24010027/kushida01_019.jpg
三重県,桑名市,揖斐川・多度川合流点,https://www.river.go.jp/kawabouStt/ipCamera.do?gamenId=01-0710&cameraId=24010015,https://www.river.go.jp/e/cctv/latest/24010015/C00082.jpg,https://www.river.go.jp/e/cctv/usual/24010015/76.jpg
三重県,鈴鹿市,菅内排水ひ門岸,https://www.river.go.jp/kawabouStt/ipCamera.do?gamenId=01-0710&cameraId=24010032,https://www.river.go.jp/e/cctv/latest/24010032/suzuka028.jpg,https://www.river.go.jp/e/cctv/usual/24010032/suzuka14_028.jpg
三重県,鈴鹿市,平和橋,https://www.river.go.jp/kawabouStt/ipCamera.do?gamenId=01-0710&cameraId=24010033,https://www.river.go.jp/e/cctv/latest/24010033/suzuka029.jpg,https://www.river.go.jp/e/cctv/usual/24010033/suzuka13_029.jpg
三重県,鈴鹿市,安楽川合流点,https://www.river.go.jp/kawabouStt/ipCamera.do?gamenId=01-0710&cameraId=24010034,https://www.river.go.jp/e/cctv/latest/24010034/suzuka030.jpg,https://www.river.go.jp/e/cctv/usual/24010034/suzuka12_030.jpg
三重県,鈴鹿市,庄野橋,https://www.river.go.jp/kawabouStt/ipCamera.do?gamenId=01-0710&cameraId=24010016,https://www.river.go.jp/e/cctv/latest/24010016/suzuka002.jpg,https://www.river.go.jp/e/cctv/usual/24010016/suzuka11_002.jpg
三重県,鈴鹿市,鈴鹿市河川防災ステーション,https://www.river.go.jp/kawabouStt/ipCamera.do?gamenId=01-0710&cameraId=24010035,https://www.river.go.jp/e/cctv/latest/24010035/suzuka003.jpg,https://www.river.go.jp/e/cctv/usual/24010035/suzuka10_003.jpg
三重県,鈴鹿市,定五郎橋,https://www.river.go.jp/kawabouStt/ipCamera.do?gamenId=01-0710&cameraId=24010036,https://www.river.go.jp/e/cctv/latest/24010036/suzuka031.jpg,https://www.river.go.jp/e/cctv/usual/24010036/suzuka09_031.jpg
三重県,鈴鹿市,鈴鹿市甲斐,https://www.river.go.jp/kawabouStt/ipCamera.do?gamenId=01-0710&cameraId=24010037,https://www.river.go.jp/e/cctv/latest/24010037/suzuka004.jpg,https://www.river.go.jp/e/cctv/usual/24010037/suzuka08_004.jpg
三重県,鈴鹿市,高岡水位観測所,https://www.river.go.jp/kawabouStt/ipCamera.do?gamenId=01-0710&cameraId=24010017,https://www.river.go.jp/e/cctv/latest/24010017/suzuka005.jpg,https://www.river.go.jp/e/cctv/usual/24010017/suzuka07_005.jpg
三重県,名張市,名張大橋,https://www.river.go.jp/kawabouStt/ipCamera.do?gamenId=01-0710&cameraId=22107002,https://www.river.go.jp/e/cctv/latest/22107002/C02648.jpg,https://www.river.go.jp/e/cctv/usual/22107002/C02648_heijyou.jpg
三重県,名張市,錦滝橋,https://www.river.go.jp/kawabouStt/ipCamera.do?gamenId=01-0710&cameraId=22107003,https://www.river.go.jp/e/cctv/latest/22107003/C02646.jpg,
三重県,名張市,家野,https://www.river.go.jp/kawabouStt/ipCamera.do?gamenId=01-0710&cameraId=22107012,https://www.river.go.jp/e/cctv/latest/22107012/C03319.jpg,
三重県,名張市,薦生,https://www.river.go.jp/kawabouStt/ipCamera.do?gamenId=01-0710&cameraId=22107013,https://www.river.go.jp/e/cctv/latest/22107013/C03320.jpg,
三重県,名張市,名張防災ＳＴ,https://www.river.go.jp/kawabouStt/ipCamera.do?gamenId=01-0710&cameraId=22107014,https://www.river.go.jp/e/cctv/latest/22107014/C03131.jpg,
三重県,名張市,大屋戸橋,https://www.river.go.jp/kawabouStt/ipCamera.do?gamenId=01-0710&cameraId=22107015,https://www.river.go.jp/e/cctv/latest/22107015/C02647.jpg,
三重県,名張市,事務所鉄塔,https://www.river.go.jp/kawabouStt/ipCamera.do?gamenId=01-0710&cameraId=22107016,https://www.river.go.jp/e/cctv/latest/22107016/C02643.jpg,
三重県,名張市,新町橋,https://www.river.go.jp/kawabouStt/ipCamera.do?gamenId=01-0710&cameraId=22107017,https://www.river.go.jp/e/cctv/latest/22107017/C02644.jpg,
三重県,名張市,沖津藻大橋,https://www.river.go.jp/kawabouStt/ipCamera.do?gamenId=01-0710&cameraId=22107018,https://www.river.go.jp/e/cctv/latest/22107018/C02645.jpg,
三重県,名張市,新夏見橋,https://www.river.go.jp/kawabouStt/ipCamera.do?gamenId=01-0710&cameraId=22107019,https://www.river.go.jp/e/cctv/latest/22107019/C02649.jpg,
三重県,亀山市,亀山水位観測所,https://www.river.go.jp/kawabouStt/ipCamera.do?gamenId=01-0710&cameraId=24010013,https://www.river.go.jp/e/cctv/latest/24010013/suzuka001.jpg,https://www.river.go.jp/e/cctv/usual/24010013/suzuka17_001.jpg
三重県,亀山市,鹿島橋,https://www.river.go.jp/kawabouStt/ipCamera.do?gamenId=01-0710&cameraId=24010030,https://www.river.go.jp/e/cctv/latest/24010030/suzuka026.jpg,https://www.river.go.jp/e/cctv/usual/24010030/suzuka16_026.jpg
三重県,亀山市,亀山大橋,https://www.river.go.jp/kawabouStt/ipCamera.do?gamenId=01-0710&cameraId=24010031,https://www.river.go.jp/e/cctv/latest/24010031/suzuka027.jpg,https://www.river.go.jp/e/cctv/usual/24010031/suzuka15_027.jpg
三重県,亀山市,川崎水位観測所,https://www.river.go.jp/kawabouStt/ipCamera.do?gamenId=01-0710&cameraId=24010014,https://www.river.go.jp/e/cctv/latest/24010014/suzuka019.jpg,https://www.river.go.jp/e/cctv/usual/24010014/suzuka25_019.jpg
三重県,伊賀市,岩倉排水樋門（全景）,https://www.river.go.jp/kawabouStt/ipCamera.do?gamenId=01-0710&cameraId=22107001,https://www.river.go.jp/e/cctv/latest/22107001/C02623.jpg,https://www.river.go.jp/e/cctv/usual/22107001/C02623_heijyou.jpg
三重県,伊賀市,島ヶ原大橋上流,https://www.river.go.jp/kawabouStt/ipCamera.do?gamenId=01-0710&cameraId=22107024,https://www.river.go.jp/e/cctv/latest/22107024/C03321.jpg,
三重県,伊賀市,平野川排水樋門（全景）,https://www.river.go.jp/kawabouStt/ipCamera.do?gamenId=01-0710&cameraId=22107025,https://www.river.go.jp/e/cctv/latest/22107025/C02624.jpg,
三重県,伊賀市,市場,https://www.river.go.jp/kawabouStt/ipCamera.do?gamenId=01-0710&cameraId=22107026,https://www.river.go.jp/e/cctv/latest/22107026/C02619.jpg,
三重県,伊賀市,長田排水門（全景）,https://www.river.go.jp/kawabouStt/ipCamera.do?gamenId=01-0710&cameraId=22107027,https://www.river.go.jp/e/cctv/latest/22107027/C03325.jpg,
三重県,伊賀市,木興排水門（全景）,https://www.river.go.jp/kawabouStt/ipCamera.do?gamenId=01-0710&cameraId=22107028,https://www.river.go.jp/e/cctv/latest/22107028/C03403.jpg,
三重県,伊賀市,木興,https://www.river.go.jp/kawabouStt/ipCamera.do?gamenId=01-0710&cameraId=22107029,https://www.river.go.jp/e/cctv/latest/22107029/C02620.jpg,
三重県,伊賀市,八幡排水樋門（全景）,https://www.river.go.jp/kawabouStt/ipCamera.do?gamenId=01-0710&cameraId=22107030,https://www.river.go.jp/e/cctv/latest/22107030/C02622.jpg,
三重県,伊賀市,大野木,https://www.river.go.jp/kawabouStt/ipCamera.do?gamenId=01-0710&cameraId=22107031,https://www.river.go.jp/e/cctv/latest/22107031/C02621.jpg,
三重県,伊賀市,柘植,https://www.river.go.jp/kawabouStt/ipCamera.do?gamenId=01-0710&cameraId=22107006,https://www.river.go.jp/e/cctv/latest/22107006/C02625.jpg,
三重県,伊賀市,大坪排水樋門（全景）,https://www.river.go.jp/kawabouStt/ipCamera.do?gamenId=01-0710&cameraId=22107007,https://www.river.go.jp/e/cctv/latest/22107007/C02630.jpg,
三重県,伊賀市,伊賀上野橋,https://www.river.go.jp/kawabouStt/ipCamera.do?gamenId=01-0710&cameraId=22107008,https://www.river.go.jp/e/cctv/latest/22107008/C02629.jpg,
三重県,伊賀市,新服部橋下流,https://www.river.go.jp/kawabouStt/ipCamera.do?gamenId=01-0710&cameraId=22107009,https://www.river.go.jp/e/cctv/latest/22107009/C03322.jpg,
三重県,伊賀市,服部橋下流,https://www.river.go.jp/kawabouStt/ipCamera.do?gamenId=01-0710&cameraId=22107010,https://www.river.go.jp/e/cctv/latest/22107010/C03393.jpg,
三重県,多気郡多気町,両郡水位観測所,https://www.river.go.jp/kawabouStt/ipCamera.do?gamenId=01-0710&cameraId=24010018,https://www.river.go.jp/e/cctv/latest/24010018/kushidagawa001.jpg,https://www.river.go.jp/e/cctv/usual/24010018/kushida13_001.jpg
三重県,多気郡多気町,西山橋水位観測所,https://www.river.go.jp/kawabouStt/ipCamera.do?gamenId=01-0710&cameraId=24010019,https://www.river.go.jp/e/cctv/latest/24010019/kushidagawa020.jpg,https://www.river.go.jp/e/cctv/usual/24010019/kushida18_020.jpg
三重県,多気郡多気町,大峯橋,https://www.river.go.jp/kawabouStt/ipCamera.do?gamenId=01-0710&cameraId=24010085,https://www.river.go.jp/e/cctv/latest/24010085/kushidagawa021.jpg,https://www.river.go.jp/e/cctv/usual/24010085/kushida17_021.jpg
三重県,多気郡多気町,池上橋,https://www.river.go.jp/kawabouStt/ipCamera.do?gamenId=01-0710&cameraId=24010086,https://www.river.go.jp/e/cctv/latest/24010086/kushidagawa022.jpg,https://www.river.go.jp/e/cctv/usual/24010086/kushida16_022.jpg
三重県,多気郡多気町,新橋,https://www.river.go.jp/kawabouStt/ipCamera.do?gamenId=01-0710&cameraId=24010087,https://www.river.go.jp/e/cctv/latest/24010087/kushidagawa023.jpg,https://www.river.go.jp/e/cctv/usual/24010087/kushida15_023.jpg
三重県,度会郡玉城町,岩出水位観測所,https://www.river.go.jp/kawabouStt/ipCamera.do?gamenId=01-0710&cameraId=24010088,https://www.river.go.jp/e/cctv/latest/24010088/miyagawa001.jpg,https://www.river.go.jp/e/cctv/usual/24010088/miya14_001.jpg
三重県,南牟婁郡紀宝町,熊野川０．０左,https://www.river.go.jp/kawabouStt/ipCamera.do?gamenId=01-0710&cameraId=22088105,https://www.river.go.jp/e/cctv/latest/22088105/C02881.jpg,https://www.river.go.jp/e/cctv/usual/22088105/C02881_heijyou.jpg
三重県,南牟婁郡紀宝町,熊野川０．８右,https://www.river.go.jp/kawabouStt/ipCamera.do?gamenId=01-0710&cameraId=22088107,https://www.river.go.jp/e/cctv/latest/22088107/C02883.jpg,https://www.river.go.jp/e/cctv/usual/22088107/C02883_heijyou.jpg
三重県,南牟婁郡紀宝町,船町第２樋管,https://www.river.go.jp/kawabouStt/ipCamera.do?gamenId=01-0710&cameraId=22088109,https://www.river.go.jp/e/cctv/latest/22088109/C03254.jpg,https://www.river.go.jp/e/cctv/usual/22088109/C03254_heijyou.jpg
三重県,南牟婁郡紀宝町,熊野大橋,https://www.river.go.jp/kawabouStt/ipCamera.do?gamenId=01-0710&cameraId=22088111,https://www.river.go.jp/e/cctv/latest/22088111/C02885.jpg,https://www.river.go.jp/e/cctv/usual/22088111/C02885_heijyou.jpg
三重県,南牟婁郡紀宝町,市田川排水機場02,https://www.river.go.jp/kawabouStt/ipCamera.do?gamenId=01-0710&cameraId=22088113,https://www.river.go.jp/e/cctv/latest/22088113/C03160.jpg,https://www.river.go.jp/e/cctv/usual/22088113/C03160_heijyou.jpg
三重県,南牟婁郡紀宝町,市田川排水機場04,https://www.river.go.jp/kawabouStt/ipCamera.do?gamenId=01-0710&cameraId=22088115,https://www.river.go.jp/e/cctv/latest/22088115/C03162.jpg,https://www.river.go.jp/e/cctv/usual/22088115/C03162_heijyou.jpg
三重県,南牟婁郡紀宝町,市田川排水機場06,https://www.river.go.jp/kawabouStt/ipCamera.do?gamenId=01-0710&cameraId=22088117,https://www.river.go.jp/e/cctv/latest/22088117/C03164.jpg,https://www.river.go.jp/e/cctv/usual/22088117/C03164_heijyou.jpg
三重県,南牟婁郡紀宝町,市田川排水機場08,https://www.river.go.jp/kawabouStt/ipCamera.do?gamenId=01-0710&cameraId=22088119,https://www.river.go.jp/e/cctv/latest/22088119/C03376.jpg,https://www.river.go.jp/e/cctv/usual/22088119/C03376_heijyou.jpg
三重県,南牟婁郡紀宝町,市田川0.9k,https://www.river.go.jp/kawabouStt/ipCamera.do?gamenId=01-0710&cameraId=22088121,https://www.river.go.jp/e/cctv/latest/22088121/C03988.jpg,https://www.river.go.jp/e/cctv/usual/22088121/C03988_heijyou.jpg
三重県,南牟婁郡紀宝町,市田川1.4k,https://www.river.go.jp/kawabouStt/ipCamera.do?gamenId=01-0710&cameraId=22088123,https://www.river.go.jp/e/cctv/latest/22088123/C03990.jpg,https://www.river.go.jp/e/cctv/usual/22088123/C03990_heijyou.jpg
三重県,南牟婁郡紀宝町,相野谷川排水機場１,https://www.river.go.jp/kawabouStt/ipCamera.do?gamenId=01-0710&cameraId=22088125,https://www.river.go.jp/e/cctv/latest/22088125/C03176.jpg,https://www.river.go.jp/e/cctv/usual/22088125/C03176_heijyou.jpg
三重県,南牟婁郡紀宝町,鮒田西陸閘,https://www.river.go.jp/kawabouStt/ipCamera.do?gamenId=01-0710&cameraId=22088129,https://www.river.go.jp/e/cctv/latest/22088129/C03174.jpg,https://www.river.go.jp/e/cctv/usual/22088129/C03174_heijyou.jpg
三重県,南牟婁郡紀宝町,相野谷川2.1右,https://www.river.go.jp/kawabouStt/ipCamera.do?gamenId=01-0710&cameraId=22088131,https://www.river.go.jp/e/cctv/latest/22088131/C02888.jpg,https://www.river.go.jp/e/cctv/usual/22088131/C02888_heijyou.jpg
三重県,南牟婁郡紀宝町,鮒田水門02,https://www.river.go.jp/kawabouStt/ipCamera.do?gamenId=01-0710&cameraId=22088135,https://www.river.go.jp/e/cctv/latest/22088135/C03167.jpg,https://www.river.go.jp/e/cctv/usual/22088135/C03167_heijyou.jpg
三重県,南牟婁郡紀宝町,相野谷川3.6右,https://www.river.go.jp/kawabouStt/ipCamera.do?gamenId=01-0710&cameraId=22088137,https://www.river.go.jp/e/cctv/latest/22088137/C02889.jpg,https://www.river.go.jp/e/cctv/usual/22088137/C02889_heijyou.jpg
三重県,南牟婁郡紀宝町,大里第３樋門,https://www.river.go.jp/kawabouStt/ipCamera.do?gamenId=01-0710&cameraId=22088139,https://www.river.go.jp/e/cctv/latest/22088139/C03180.jpg,https://www.river.go.jp/e/cctv/usual/22088139/C03180_heijyou.jpg
三重県,南牟婁郡紀宝町,相野谷川4.8右,https://www.river.go.jp/kawabouStt/ipCamera.do?gamenId=01-0710&cameraId=22088141,https://www.river.go.jp/e/cctv/latest/22088141/C02890.jpg,https://www.river.go.jp/e/cctv/usual/22088141/C02890_heijyou.jpg
